Complete_Form_I-485_Data_Fields,,,,,,,,,
Form,Part ID,Part Name,Form Classification,Classifications,Label,Field,Options,Type,
i485,Part 1.,Information About You (Person applying for lawful permanent residence),Your Current Name (do not provide a nickname),,1.a.,,,Text,
i485,Part 1.,Information About You (Person applying for lawful permanent residence),Your Current Name (do not provide a nickname),,1.b.,Given Name (First Name),,Text,
i485,Part 1.,Information About You (Person applying for lawful permanent residence),Your Current Name (do not provide a nickname),,1.c.,Middle Name,,Text,
i485,Part 1.,Information About You (Person applying for lawful permanent residence),Other Names You Have Used Since Birth (if applicable),,2.a.,Family Name (Last Name),,Text,
i485,Part 1.,Information About You (Person applying for lawful permanent residence),Other Names You Have Used Since Birth (if applicable),,2.b.,Given Name (First Name),,Text,
i485,Part 1.,Information About You (Person applying for lawful permanent residence),Other Names You Have Used Since Birth (if applicable),,2.c.,Middle Name,,Text,
i485,Part 1.,Information About You (Person applying for lawful permanent residence),Other Names You Have Used Since Birth (if applicable),,3.a.,Family Name (Last Name),,Text,
i485,Part 1.,Information About You (Person applying for lawful permanent residence),Other Names You Have Used Since Birth (if applicable),,3.b.,Given Name (First Name),,Text,
i485,Part 1.,Information About You (Person applying for lawful permanent residence),Other Names You Have Used Since Birth (if applicable),,3.c.,Middle Name,,Text,
i485,Part 1.,Information About You (Person applying for lawful permanent residence),Other Names You Have Used Since Birth (if applicable),,4.a.,Family Name (Last Name),,Text,
i485,Part 1.,Information About You (Person applying for lawful permanent residence),Other Names You Have Used Since Birth (if applicable),,4.b.,Given Name (First Name),,Text,
i485,Part 1.,Information About You (Person applying for lawful permanent residence),Other Names You Have Used Since Birth (if applicable),,4.c.,Middle Name,,Text,
i485,Part 1.,Information About You (Person applying for lawful permanent residence),Other Information About You,,5,Date of Birth (mm/dd/yyyy),,Text,
i485,Part 1.,Information About You (Person applying for lawful permanent residence),Other Information About You,,6,Sex,"Male, Female",Checkbox,
i485,Part 1.,Information About You (Person applying for lawful permanent residence),Other Information About You,,7,City or Town of Birth,,Text,
i485,Part 1.,Information About You (Person applying for lawful permanent residence),Other Information About You,,8,Country of Birth,,Text,
i485,Part 1.,Information About You (Person applying for lawful permanent residence),Other Information About You,,9,Country of Citizenship or Nationality,,Text,
i485,Part 1.,Information About You (Person applying for lawful permanent residence),Other Information About You,,10,Alien Registration Number (A-Number)(if any),,Int,
i485,Part 1.,Information About You (Person applying for lawful permanent residence),Other Information About You,,11,USCIS Online Account Number (if any),,int,
i485,Part 1.,Information About You (Person applying for lawful permanent residence),Other Information About You,,12.a.,InCareOfName (if any),,Text,
i485,Part 1.,Information About You (Person applying for lawful permanent residence),U.S. Mailing Address,,12.b.,Street Number and Name,,Text,
i485,Part 1.,Information About You (Person applying for lawful permanent residence),U.S. Mailing Address,,12.c.,"Apt., Ste., Flr.","Apt., Ste., Flr.",Checkbox,
i485,Part 1.,Information About You (Person applying for lawful permanent residence),U.S. Mailing Address,,12.d.,City or Town,,Text,
i485,Part 1.,Information About You (Person applying for lawful permanent residence),U.S. Mailing Address,,12.e.,State,,Dropdown,
i485,Part 1.,Information About You (Person applying for lawful permanent residence),U.S. Mailing Address,,12.f.,Zip Code,,,
i485,Part 1.,Information About You (Person applying for lawful permanent residence),Alternate and/or Safe Mailing Address,,13.a.,InCareOfName (if any),,Text,
i485,Part 1.,Information About You (Person applying for lawful permanent residence),Alternate and/or Safe Mailing Address,,13.b.,Street Number and Name,,Text,
i485,Part 1.,Information About You (Person applying for lawful permanent residence),Alternate and/or Safe Mailing Address,,13.c.,"Apt., Ste., Flr.","Apt., Ste., Flr.",Checkbox,
i485,Part 1.,Information About You (Person applying for lawful permanent residence),Alternate and/or Safe Mailing Address,,13.d.,City or Town,,Text,
i485,Part 1.,Information About You (Person applying for lawful permanent residence),Alternate and/or Safe Mailing Address,,13.e.,State,,Dropdown,
i485,Part 1.,Information About You (Person applying for lawful permanent residence),Alternate and/or Safe Mailing Address,,13.f.,Zip Code,,,
i485,Part 1.,Information About You (Person applying for lawful permanent residence),Social Security Card,,14,"Has the Social Security Administration (SSA) ever officially issued a Social Security caer to you? If you answered ""Yes,"" provide the information requested in Item Number 15.","Yes, No",Checkbox,conditional
i485,Part 1.,Information About You (Person applying for lawful permanent residence),Social Security Card,,15,Provide your U.S. Social Security Number (SSN),,Int,
i485,Part 1.,Information About You (Person applying for lawful permanent residence),Social Security Card,,16,"Do you want the SSA to issue you a Social Security card? (You must also answer ""Yes"" to Item Number 17. Consent for Disclosure, to receive a card).","Yes, No",Checkbox,conditional
i485,Part 1.,Information About You (Person applying for lawful permanent residence),Social Security Card,,17,Consent for Disclosure: I authorize disclosure of information from this application to the SSA for the purpose of assigning me an SSN and issuing me a Social Security Card.,"Yes, No",Checkbox,
i485,Part 1.,Information About You (Person applying for lawful permanent residence),Recent Immigration History,,18,Passport Number Used at Last Arrival,,Int,
i485,Part 1.,Information About You (Person applying for lawful permanent residence),Recent Immigration History,,19,Travel Document Number Used at Last Arrival,,Int,
i485,Part 1.,Information About You (Person applying for lawful permanent residence),Recent Immigration History,,20,Expiration Date of this Passport or Travel Document (mm/dd/yyyy),,Date,
i485,Part 1.,Information About You (Person applying for lawful permanent residence),Recent Immigration History,,21,Country that Issued this Passport or Travewl Document,,Text,
i485,Part 1.,Information About You (Person applying for lawful permanent residence),Recent Immigration History,,22,Nonimmigrant Visa Number from this Passport (if any),,Int,
i485,Part 1.,Information About You (Person applying for lawful permanent residence),Place of Last Arrival into the United States,,23.a.,City or Town,,Text,
i485,Part 1.,Information About You (Person applying for lawful permanent residence),Place of Last Arrival into the United States,,23.b.,State,,Text,
i485,Part 1.,Information About You (Person applying for lawful permanent residence),Place of Last Arrival into the United States,,24,Date of Last Arrival (mm/dd/yyyy),,Date,
i485,Part 1.,Information About You (Person applying for lawful permanent residence),"When I last arrived in the United States, I",,25.a.,"Was inspected at a port of entry and admitted as (for example, exchange visitor; visitor, waived through; temporary worker; student):",,Text,
i485,Part 1.,Information About You (Person applying for lawful permanent residence),"When I last arrived in the United States, I",,25.b,"Was inspected at a port of entry and paroled as (for example, humanitarian parole, Cuban parole):",,Text,
i485,Part 1.,Information About You (Person applying for lawful permanent residence),"When I last arrived in the United States, I",,25.c.,Came in to the United States without admission or parole.,,Text,
i485,Part 1.,Information About You (Person applying for lawful permanent residence),"When I last arrived in the United States, I",,25.d.,Other:,,Text,
i485,Part 1.,Information About You (Person applying for lawful permanent residence),If you were issued a Form I-94 Arrival-Departure Record Number:,,26.a.,Form I-94 Arrival Departure Record Number,,Int,
i485,Part 1.,Information About You (Person applying for lawful permanent residence),If you were issued a Form I-94 Arrival-Departure Record Number:,,26.b.,Expiration Date of Authorized Stay Shown on Form I-94 (mm/dd/yyyy),,Text,
i485,Part 1.,Information About You (Person applying for lawful permanent residence),If you were issued a Form I-94 Arrival-Departure Record Number:,,26.c.,"Status on Form I-94 (for example, class of admission, or paroled, if paroled)",,Text,
i485,Part 1.,Information About You (Person applying for lawful permanent residence),If you were issued a Form I-94 Arrival-Departure Record Number:,,27,What is your current immigration status (if it has changed since your arrival)?,,Text,
i485,Part 1.,Information About You (Person applying for lawful permanent residence),Provide your name exactly as it appears on your I-94 (if any),,28.a.,Family Name (Last Name),,Text,
i485,Part 1.,Information About You (Person applying for lawful permanent residence),Provide your name exactly as it appears on your I-94 (if any),,28.b.,Given Name (First Name),,Text,
i485,Part 1.,Information About You (Person applying for lawful permanent residence),Provide your name exactly as it appears on your I-94 (if any),,28.c.,Middle Name,,Text,
i485,Part 2.,Application Type or Filing Category,I am applying to register lawful permanent residence or adjust status to that of a lawful permanent resident based on the following immigrant category.,,1.a.,Family-based,"Immediate relative of a U.S. citizen, Form I-130, Othere relative of a U.S. citizen or relative of a lawfum permanent resident under the family-based preference categories, Form I-130, Person admitted to the United Staes as a fiance(e) or child of a fiance(e) of a U.S. citizen, Form I-129F (K-1/K-2 Nonimmigrant, Widow or widower of a U.S. citizen, Form I-360, VAWA self-petitioner, Form I-360)",Checkbox,
i485,Part 2.,Application Type or Filing Category,I am applying to register lawful permanent residence or adjust status to that of a lawful permanent resident based on the following immigrant category.,,1.b.,Employment-based,"Alien worker, Form I-360; Alien Entrepreneur, Form I-526",Checkbox,
i485,Part 2.,Application Type or Filing Category,I am applying to register lawful permanent residence or adjust status to that of a lawful permanent resident based on the following immigrant category.,,1.c.,Special Immigrant,"Religious worker, Form I-360, Special immigrant juvenile, Form I-360, Certain Afghan or Iraqi National, Form I-360 or Form DS-157, Certain international broadcaster, Form I-360, Certain G-4 international or family member or NATO-6 employee or family member, Form I-360",Checkbox,
i485,Part 2.,Application Type or Filing Category,I am applying to register lawful permanent residence or adjust status to that of a lawful permanent resident based on the following immigrant category.,,1.d.,Asylee or Refugee,"Asylum status (INA section 208), Form I-589 or Form I-730, Refugee status (INA section 207), Form I-590 or Form I-730",Checkbox,
i485,Part 2.,Application Type or Filing Category,I am applying to register lawful permanent residence or adjust status to that of a lawful permanent resident based on the following immigrant category.,,1.e.,Human Trafficking Victim or Crime Victim,"Human Trafficking victim (T Nonimmigrant), Form I-914 or derivative family member, Form I-914A, Crime victim (U Nonimmigrant), Form I-918, derivative family member, Form I-918A, or qualifying family member, Form I-929",Checkbox,
i485,Part 2.,Application Type or Filing Category,I am applying to register lawful permanent residence or adjust status to that of a lawful permanent resident based on the following immigrant category.,,1.f.,Special Programs Based on Certain Public Laws,"The Cuban Adjustment Act, The Cuban Adjustment Act for battered spouses and children, Dependent status under the Haitian Refugee Immigrant Fairness Act, Dependent status under the Haitian Refugee Immigrant Fairness Act for battered spouses and children, Lautenberg Paroleees, Diplomats or high ranking officials unable to return home (Section 13 of the Act of September 11, 1957), Indochinese Parole Adjustment Act of 2000",Checkbox,
i485,Part 2.,Application Type or Filing Category,I am applying to register lawful permanent residence or adjust status to that of a lawful permanent resident based on the following immigrant category.,,1.g.,Additional Options,"Diversity Visa program, Continuous residence in the United States since before January 1, 1972 (""Registry""), Individual born in the United Staes under diplomatic status, Other eligibility)",Checkbox,
i485,Part 2.,Application Type or Filing Category,I am applying to register lawful permanent residence or adjust status to that of a lawful permanent resident based on the following immigrant category.,,2,"Are you applying for adjustment based on the Immigration and Nationality Act (INA) section 245(i)? NOTE: If you answered ""Yes"" to Item Number 2., you","Yes, No",Checkbox,
i485,Part 2.,Application Type or Filing Category,Information About Your Immigrant Category,,3,Receipt Number of Underlying Petition (if any),,Int,
i485,Part 2.,Application Type or Filing Category,Information About Your Immigrant Category,,4,Priority Date from Underlying Petition (if any) (mm/dd/yyyy),,Date,
i485,Part 2.,Application Type or Filing Category,Principal Applicant's Name,,5.a.,Family Name (Last Name),,Text,
i485,Part 2.,Application Type or Filing Category,Principal Applicant's Name,,5.b.,Given Name (First Name),,Text,
i485,Part 2.,Application Type or Filing Category,Principal Applicant's Name,,5.c.,Middle Name,,Text,
i485,Part 2.,Application Type or Filing Category,Principal Applicant's A-Number (if any),,6,A-,,Int,
i485,Part 2.,Application Type or Filing Category,Principal Applicant's Name,,7,Principal Applicant's Date of Birth (mm/dd/yyyy),,Text,
i485,Part 2.,Application Type or Filing Category,Principal Applicant's Name,,8,Receipt Number of Principal's Underlying Petition (if any) (mm/dd/yyyy),,Date,
i485,Part 2.,Application Type or Filing Category,Principal Applicant's Name,,9,Priority Date of Principal Applicant's Underlying Petition (if any) (mm/dd/yyyy),,Date,
i485,Part 3.,Additional Information About You,Have you ever applied for an immigrant visa to obtain permanent resident status at a U.S. Embassy or U.S. Consulate abroad?,,1,Have you ever applied for an immigrant visa to obtain permanent resident status at a U.S. Embassy or U.S. Consulate abroad?,"Yes, No",Checkbox,Conditional
i485,Part 3.,Additional Information About You,Location of U.S. Embassy or U.S. Consulate,,2.a.,City,,Text,
i485,Part 3.,Additional Information About You,Location of U.S. Embassy or U.S. Consulate,,2.b.,Country,,Text,
i485,Part 3.,Additional Information About You,Location of U.S. Embassy or U.S. Consulate,,3,"Decision (for example, approved, refused, denied, withdrawn)",,Text,
i485,Part 3.,Additional Information About You,Location of U.S. Embassy or U.S. Consulate,,4,Date of Decision (mm/dd/yyyy),,Date,
i485,Part 3.,Additional Information About You,Address History Physical Address (current address),,5.a.,Street Number and Name,,Text,
i485,Part 3.,Additional Information About You,Address History Physical Address (current address),,5.b.,"Apt., Ste., Flr.","Apt., Ste., Flr.",Checkbox,
i485,Part 3.,Additional Information About You,Address History Physical Address (current address),,5.c.,City or Town,,Text,
i485,Part 3.,Additional Information About You,Address History Physical Address (current address),,5.d.,State,,Text,
i485,Part 3.,Additional Information About You,Address History Physical Address (current address),,5.e.,Zip Code,,Int,
i485,Part 3.,Additional Information About You,Address History Physical Address (current address),,5.f.,Province,,Text,
i485,Part 3.,Additional Information About You,Address History Physical Address (current address),,5.g.,Postal Code,,Int,
i485,Part 3.,Additional Information About You,Address History Physical Address (current address),,5.h.,Country,,Text,
i485,Part 3.,Additional Information About You,Date of Residence,,6.a.,From (mm/dd/yyyy),,Date,
i485,Part 3.,Additional Information About You,Date of Residence,,6.b.,To (mm/dd/yyyy),Present,Date,
i485,Part 3.,Additional Information About You,Physical Address 2,,7.a.,Street Number and Name,,Text,
i485,Part 3.,Additional Information About You,Physical Address 2,,7.b.,"Apt., Ste., Flr.","Apt., Ste., Flr.",Checkbox,
i485,Part 3.,Additional Information About You,Physical Address 2,,7.c.,City or Town,,Text,
i485,Part 3.,Additional Information About You,Physical Address 2,,7.d.,State,,Text,
i485,Part 3.,Additional Information About You,Physical Address 2,,7.e.,Zip Code,,Int,
i485,Part 3.,Additional Information About You,Physical Address 2,,7.f.,Province,,Text,
i485,Part 3.,Additional Information About You,Physical Address 2,,7.g.,Postal Code,,Int,
i485,Part 3.,Additional Information About You,Physical Address 2,,7.h.,Country,,Text,
i485,Part 3.,Additional Information About You,Physical Address 2,,8.a.,From (mm/dd/yyyy),,Date,
i485,Part 3.,Additional Information About You,Physical Address 2,,8.b.,To (mm/dd/yyyy),Present,Date,
i485,Part 3.,Additional Information About You,Most recent address outside the United Staes where you lived for more than one year (if not already listed above).,,9.a.,Street Number and Name,,Text,
i485,Part 3.,Additional Information About You,Most recent address outside the United Staes where you lived for more than one year (if not already listed above).,,9.b.,"Apt., Ste., Flr.","Apt., Ste., Flr.",Checkbox,
i485,Part 3.,Additional Information About You,Most recent address outside the United Staes where you lived for more than one year (if not already listed above).,,9.c.,City or Town,,Text,
i485,Part 3.,Additional Information About You,Most recent address outside the United Staes where you lived for more than one year (if not already listed above).,,9.d.,State,,Text,
i485,Part 3.,Additional Information About You,Most recent address outside the United Staes where you lived for more than one year (if not already listed above).,,9.e.,Zip Code,,Int,
i485,Part 3.,Additional Information About You,Most recent address outside the United Staes where you lived for more than one year (if not already listed above).,,9.f.,Province,,Text,
i485,Part 3.,Additional Information About You,Most recent address outside the United Staes where you lived for more than one year (if not already listed above).,,9.g.,Postal Code,,Int,
i485,Part 3.,Additional Information About You,Most recent address outside the United Staes where you lived for more than one year (if not already listed above).,,9..h.,Country,,Text,
i485,Part 3.,Additional Information About You,Most recent address outside the United Staes where you lived for more than one year (if not already listed above).,,10.a.,From (mm/dd/yyyy),,Date,
i485,Part 3.,Additional Information About You,Most recent address outside the United Staes where you lived for more than one year (if not already listed above).,,10.b.,To (mm/dd/yyyy),Present,Date,
i485,Part 3.,Additional Information About You,Employment HIstory Employer 1 (current or most recent),,11,Name of Employer or Company,,Text,
i485,Part 3.,Additional Information About You,Employment HIstory Address of Employer or Company (current or most recent),,12.a.,Street Number and Name,,Text,
i485,Part 3.,Additional Information About You,Employment HIstory Address of Employer or Company (current or most recent),,12.b.,"Apt., Ste., Flr.","Apt., Ste., Flr.",Checkbox,
i485,Part 3.,Additional Information About You,Employment HIstory Address of Employer or Company (current or most recent),,12.c.,City or Town,,Text,
i485,Part 3.,Additional Information About You,Employment HIstory Address of Employer or Company (current or most recent),,12.d.,State,,Text,
i485,Part 3.,Additional Information About You,Employment HIstory Address of Employer or Company (current or most recent),,12.e.,Zip Code,,Int,
i485,Part 3.,Additional Information About You,Employment HIstory Address of Employer or Company (current or most recent),,12.f.,Province,,Text,
i485,Part 3.,Additional Information About You,Employment HIstory Address of Employer or Company (current or most recent),,12.g.,Postal Code,,Int,
i485,Part 3.,Additional Information About You,Employment HIstory Address of Employer or Company (current or most recent),,13,Your Occupation,,Text,
i485,Part 3.,Additional Information About You,Employment HIstory Address of Employer or Company (current or most recent),,14.a.,From (mm/dd/yyyy),,Date,
i485,Part 3.,Additional Information About You,Employment HIstory Address of Employer or Company (current or most recent),,14.b.,To (mm/dd/yyyy),Present,Date,
i485,Part 3.,Additional Information About You,Employer 2,,15,Name of Employer or Company,,Text,
i485,Part 3.,Additional Information About You,Employer 2,,16.a.,Street Number and Name,,Text,
i485,Part 3.,Additional Information About You,Employer 2,,16.b.,"Apt., Ste., Flr.","Apt., Ste., Flr.",Checkbox,
i485,Part 3.,Additional Information About You,Employer 2,,16.c.,City or Town,,Text,
i485,Part 3.,Additional Information About You,Employer 2,,16.d.,State,,Text,
i485,Part 3.,Additional Information About You,Employer 2,,16.e.,Zip Code,,Int,
i485,Part 3.,Additional Information About You,Employer 2,,16.f.,Province,,Text,
i485,Part 3.,Additional Information About You,Employer 2,,16.g.,Postal Code,,Int,
i485,Part 3.,Additional Information About You,Employer 2,,21,Your Occupation,,Text,
i485,Part 3.,Additional Information About You,Employer 2,,22.a.,From (mm/dd/yyyy),,Date,
i485,Part 3.,Additional Information About You,Employer 2,,22.b.,To (mm/dd/yyyy),Present,Date,
i485,Part 4.,Information About Your Parents,Information About Your Parent 1 Parent's Legal Name,,1.a.,Family Name (Last Name),,Text,
i485,Part 4.,Information About Your Parents,Information About Your Parent 1 Parent's Legal Name,,1.b.,Given Name (First Name),,Text,
i485,Part 4.,Information About Your Parents,Information About Your Parent 1 Parent's Legal Name,,1.c.,Middle Name,,Text,
i485,Part 4.,Information About Your Parents,Information About Your Parent 1 Parent's Name at Birth,,2.a.,Family Name (Last Name),,Text,
i485,Part 4.,Information About Your Parents,Information About Your Parent 1 Parent's Name at Birth,,2.b.,Given Name (First Name),,Text,
i485,Part 4.,Information About Your Parents,Information About Your Parent 1 Parent's Name at Birth,,2.c.,Middle Name,,Text,
i485,Part 4.,Information About Your Parents,Information About Your Parent 1 Parent's Legal Name,,3,Date of Birth (mm/dd/yyyy),,Text,
i485,Part 4.,Information About Your Parents,Information About Your Parent 1 Parent's Legal Name,,4,Sex,"Male, Female",Checkbox,
i485,Part 4.,Information About Your Parents,Information About Your Parent 1 Parent's Legal Name,,5,City or Town of Birth,,Text,
i485,Part 4.,Information About Your Parents,Information About Your Parent 1 Parent's Legal Name,,6,Country of Birth,,Text,
i485,Part 4.,Information About Your Parents,Information About Your Parent 1 Parent's Legal Name,,7,Current City or Town of Residence (if living),,Text,
i485,Part 4.,Information About Your Parents,Information About Your Parent 1 Parent's Legal Name,,8,Current County of Residence (if living),,Text,
i485,Part 4.,Information About Your Parents,Information About Your Parent 2 Parent's Legal Name,,9.a.,Family Name (Last Name),,Text,
i485,Part 4.,Information About Your Parents,Information About Your Parent 2 Parent's Legal Name,,9.b.,Given Name (First Name),,Text,
i485,Part 4.,Information About Your Parents,Information About Your Parent 2 Parent's Legal Name,,9.c.,Middle Name,,Text,
i485,Part 4.,Information About Your Parents,Information About Your Parent 2 Parent's Name at Birth,,10.a.,Family Name (Last Name),,Text,
i485,Part 4.,Information About Your Parents,Information About Your Parent 2 Parent's Name at Birth,,10.b.,Given Name (First Name),,Text,
i485,Part 4.,Information About Your Parents,Information About Your Parent 2 Parent's Name at Birth,,10.c.,Middle Name,,Text,
i485,Part 4.,Information About Your Parents,Information About Your Parent 2 Parent's Legal Name,,11,Date of Birth (mm/dd/yyyy),,Text,
i485,Part 4.,Information About Your Parents,Information About Your Parent 2 Parent's Legal Name,,12,Sex,"Male, Female",Checkbox,
i485,Part 4.,Information About Your Parents,Information About Your Parent 2 Parent's Legal Name,,13,City or Town of Birth,,Text,
i485,Part 4.,Information About Your Parents,Information About Your Parent 2 Parent's Legal Name,,14,Country of Birth,,Text,
i485,Part 4.,Information About Your Parents,Information About Your Parent 2 Parent's Legal Name,,15,Current City or Town of Residence (if living),,Text,
i485,Part 4.,Information About Your Parents,Information About Your Parent 2 Parent's Legal Name,,16,Current County of Residence (if living),,Text,
i485,Part 5.,Information About Your Marital History,What is your current marital status?,,1,What is your current marital status?,"Single, Never Married, Married, Divorced, Widowed, Marriage Annulled, Legally Separated",Checkbox,
i485,Part 5.,Information About Your Marital History,"If you aer married, is your spouse a current member of the U.S. armed forces or U.S. Coast Guard?",,2,"If you aer married, is your spouse a current member of the U.S. armed forces or U.S. Coast Guard?","NA,Yes, No",Text,
i485,Part 5.,Information About Your Marital History,How many times have you been married (including annulled marriages and marriages to the same person)?,,3,How many times have you been married (including annulled marriages and marriages to the same person)?,,Int,
i485,Part 5.,Information About Your Marital History,Current Spouse's Legal Name,,4.a.,Family Name (Last Name),,Text,
i485,Part 5.,Information About Your Marital History,Current Spouse's Legal Name,,4.b.,Given Name (First Name),,Text,
i485,Part 5.,Information About Your Marital History,Current Spouse's Legal Name,,4.c.,Middle Name,,Text,
i485,Part 5.,Information About Your Marital History,Current Spouse's Legal Name,,5,A-Number (if any),,Int,
i485,Part 5.,Information About Your Marital History,Current Spouse's Legal Name,,6,Current Spouse's Date of Birth (mm/dd/yyyy),,Date,
i485,Part 5.,Information About Your Marital History,Current Spouse's Legal Name,,7,Date of Marriage to Spouse (mm/dd/yyyy),,Date,
i485,Part 5.,Information About Your Marital History,Current Spouse's Place of Birth,,8.a.,City or Town,,Text,
i485,Part 5.,Information About Your Marital History,Current Spouse's Place of Birth,,8.b.,State or Provence,,Text,
i485,Part 5.,Information About Your Marital History,Current Spouse's Place of Birth,,8.c.,Country,,Text,
i485,Part 5.,Information About Your Marital History,Place of Marriage to Current Spouse,,9.a.,City or Town,,Text,
i485,Part 5.,Information About Your Marital History,Place of Marriage to Current Spouse,,9.b.,State or Provence,,Text,
i485,Part 5.,Information About Your Marital History,Place of Marriage to Current Spouse,,9.c.,Country,,Text,
i485,Part 5.,Information About Your Marital History,Place of Marriage to Current Spouse,,10,Is your current spouse applying with you?,"Yes, No",Checkbox,
i485,Part 5.,Information About Your Marital History,Prior Spouse's Legal Name,,11.a.,Family Name (Last Name),,Text,
i485,Part 5.,Information About Your Marital History,Prior Spouse's Legal Name,,11.b.,Given Name (First Name),,Text,
i485,Part 5.,Information About Your Marital History,Prior Spouse's Legal Name,,11.c.,Middle Name,,Text,
i485,Part 5.,Information About Your Marital History,Prior Spouse's Legal Name,,12,Prior Spouse's Date of Birth (mm/dd/yyyy),,Date,
i485,Part 5.,Information About Your Marital History,Prior Spouse's Legal Name,,13,Date of Marriage to Prior Spouse (mm/dd/yyyy),,Date,
i485,Part 5.,Information About Your Marital History,Prior Spouse's Legal Name,,14.a.,City or Town,,Text,
i485,Part 5.,Information About Your Marital History,Place of Marriage to Prior Spouse,,14.b.,State or Provence,,Text,
i485,Part 5.,Information About Your Marital History,Prior Spouse's Legal Name,,14.c.,Country,,Text,
i485,Part 5.,Information About Your Marital History,Prior Spouse's Legal Name,,15,Date of Marriage to Prior Spouse Legally Ended (mm/dd/yyyy),,Date,
i485,Part 5.,Information About Your Marital History,Place Where Marriage to Prior Spouse Legally Ended,,16.a.,City or Town,,Text,
i485,Part 5.,Information About Your Marital History,Place Where Marriage to Prior Spouse Legally Ended,,16.b.,State or Provence,,Text,
i485,Part 5.,Information About Your Marital History,Place Where Marriage to Prior Spouse Legally Ended,,16.c.,Country,,Text,
i485,Part 6.,Information About Your Children,Indicate the total number of ALL living children (including adult sons and daughters) that you have.,,1,Indicate the total number of ALL living children (including adult sons and daughters) that you have.,,Int,
i485,Part 6.,Information About Your Children,Child 1,,2.a.,Family Name (Last Name),,Text,
i485,Part 6.,Information About Your Children,Child 1,,2.b.,Given Name (First Name),,Text,
i485,Part 6.,Information About Your Children,Child 1,,2.c.,Middle Name,,Text,
i485,Part 6.,Information About Your Children,Child 1,,3,A-Number (if any),A-,Int,
i485,Part 6.,Information About Your Children,Child 1,,4,Date of Birth (mm/dd/yyyy),,Date,
i485,Part 6.,Information About Your Children,Child 1,,5,Country of Birth,,Text,
i485,Part 6.,Information About Your Children,Child 1,,6,Is this child applying with you,"Yes, No",Checkbox,
i485,Part 6.,Information About Your Children,Child 2,,7.a.,Family Name (Last Name),,Text,
i485,Part 6.,Information About Your Children,Child 2,,7.b.,Given Name (First Name),,Text,
i485,Part 6.,Information About Your Children,Child 2,,7.c.,Middle Name,,Text,
i485,Part 6.,Information About Your Children,Child 2,,8,A-Number (if any),A-,Int,
i485,Part 6.,Information About Your Children,Child 2,,9,Date of Birth (mm/dd/yyyy),,Date,
i485,Part 6.,Information About Your Children,Child 2,,10,Country of Birth,,Text,
i485,Part 6.,Information About Your Children,Child 2,,11,Is this child applying with you,"Yes, No",Checkbox,
i485,Part 6.,Information About Your Children,Child 3,,12.a.,Family Name (Last Name),,Text,
i485,Part 6.,Information About Your Children,Child 3,,12.b.,Given Name (First Name),,Text,
i485,Part 6.,Information About Your Children,Child 3,,12.c.,Middle Name,,Text,
i485,Part 6.,Information About Your Children,Child 3,,13,A-Number (if any),A-,Int,
i485,Part 6.,Information About Your Children,Child 3,,14,Date of Birth (mm/dd/yyyy),,Date,
i485,Part 6.,Information About Your Children,Child 3,,15,Country of Birth,,Text,
i485,Part 6.,Information About Your Children,Child 3,,16,Is this child applying with you,"Yes, No",Checkbox,
i485,Part 7.,Biographic Information,Ethnicity (Select only one box),,1,Ethnicity,"Hispanic or Latino, Not Hispanic or Latino",Checkbox,single select
i485,Part 7.,Biographic Information,Race (Select all apllicable boxes),,2,Race,"White, Asian, Black or African American, American Indian or Alaska Native, Native Hawaiian or Other Pacific Islander",Checkbox,multi select
i485,Part 7.,Biographic Information,Height,,3,Height,"Feet, Inches",Int,
i485,Part 7.,Biographic Information,Weight,,4,Weight,Pounnds,Int,
i485,Part 7.,Biographic Information,Eye Color,,5,Eye Color,"Black, Gray, Maroon, Blue, Green, Pink, Brown, Hazel, Unknown/Other",Checkbox,single select
i485,Part 7.,Biographic Information,Hair Color,,6,Hair Color,"Bald, Brown, Sandy, Black, Gray, White, Blond, Red, Unknown/ Other",Checkbox,single select
i485,Part 8.,General Eligibilty and Inadmissibilty Grounds,"Have you EVER been a member of, involved in, or in any way associated with any organization, association, fund, foundation, party, club, society, or similar group in the United Staes or in any other location in the world including any military service?",,1,"Have you EVER been a member of, involved in, or in any way associated with any organization, association, fund, foundation, party, club, society, or similar group in the United Staes or in any other location in the world including any military service?","Yes, No",Checkbox,conditional
i485,Part 8.,General Eligibilty and Inadmissibilty Grounds,Organization 1,,2,Name of Organization,,Text,
i485,Part 8.,General Eligibilty and Inadmissibilty Grounds,Organization 1,,3.a.,City or Town,,Text,
i485,Part 8.,General Eligibilty and Inadmissibilty Grounds,Organization 1,,3.b.,State or Provence,,Text,
i485,Part 8.,General Eligibilty and Inadmissibilty Grounds,Organization 1,,3.c.,Country,,Text,
i485,Part 8.,General Eligibilty and Inadmissibilty Grounds,Organization 1,,4,Nature of Group,,Text,
i485,Part 8.,General Eligibilty and Inadmissibilty Grounds,Organization 1,,5.a.,From (mm/dd/yyyy),,Date,
i485,Part 8.,General Eligibilty and Inadmissibilty Grounds,Organization 1,,5.b.,To (mm/dd/yyyy),,Date,
i485,Part 8.,General Eligibilty and Inadmissibilty Grounds,Organization 2,,6,Name of Organization,,Text,
i485,Part 8.,General Eligibilty and Inadmissibilty Grounds,Organization 2,,7.a.,City or Town,,Text,
i485,Part 8.,General Eligibilty and Inadmissibilty Grounds,Organization 2,,7.b.,State or Provence,,Text,
i485,Part 8.,General Eligibilty and Inadmissibilty Grounds,Organization 2,,7.c.,Country,,Text,
i485,Part 8.,General Eligibilty and Inadmissibilty Grounds,Organization 2,,8,Nature of Group,,Text,
i485,Part 8.,General Eligibilty and Inadmissibilty Grounds,Organization 2,,9.a.,From (mm/dd/yyyy),,Date,
i485,Part 8.,General Eligibilty and Inadmissibilty Grounds,Organization 2,,9.b.,To (mm/dd/yyyy),,Date,
i485,Part 8.,General Eligibilty and Inadmissibilty Grounds,Organization 3,,10,Name of Organization,,Text,
i485,Part 8.,General Eligibilty and Inadmissibilty Grounds,Organization 3,,11.a.,City or Town,,Text,
i485,Part 8.,General Eligibilty and Inadmissibilty Grounds,Organization 3,,11.b.,State or Provence,,Text,
i485,Part 8.,General Eligibilty and Inadmissibilty Grounds,Organization 3,,11.c.,Country,,Text,
i485,Part 8.,General Eligibilty and Inadmissibilty Grounds,Organization 3,,12,Nature of Group,,Text,
i485,Part 8.,General Eligibilty and Inadmissibilty Grounds,Organization 3,,13.a.,From (mm/dd/yyyy),,Date,
i485,Part 8.,General Eligibilty and Inadmissibilty Grounds,Organization 3,,13.b.,To (mm/dd/yyyy),,Date,
i485,Part 8.,General Eligibilty and Inadmissibilty Grounds,"Answer Item Numbers 14. - 86.b. Choose the answer that you think is correct. If you answer “Yes” to any questions (or if you answer ""No,"" but are unsure of your answer), provide an explanation of the events and circumstances in the space provided in Part 14. Additional Information.",,14,Have you EVER been denied a visa to the United States?,"Yes, No",Checkbox,
i485,Part 8.,General Eligibilty and Inadmissibilty Grounds,"Answer Item Numbers 14. - 86.b. Choose the answer that you think is correct. If you answer “Yes” to any questions (or if you answer ""No,"" but are unsure of your answer), provide an explanation of the events and circumstances in the space provided in Part 14. Additional Information.",,15,Have you EVER worked in the United States without authorization?,"Yes, No",Checkbox,
i485,Part 8.,General Eligibilty and Inadmissibilty Grounds,"Answer Item Numbers 14. - 86.b. Choose the answer that you think is correct. If you answer “Yes” to any questions (or if you answer ""No,"" but are unsure of your answer), provide an explanation of the events and circumstances in the space provided in Part 14. Additional Information.",,16,Have you EVER violated the terms or conditions of your nonimmigrant status??,"Yes, No",Checkbox,
i485,Part 8.,General Eligibilty and Inadmissibilty Grounds,"Answer Item Numbers 14. - 86.b. Choose the answer that you think is correct. If you answer “Yes” to any questions (or if you answer ""No,"" but are unsure of your answer), provide an explanation of the events and circumstances in the space provided in Part 14. Additional Information.",,17,"Are you presently or have you EVER been in removal, exclusion, rescission, or deportation proceedings?","Yes, No",Checkbox,
i485,Part 8.,General Eligibilty and Inadmissibilty Grounds,"Answer Item Numbers 14. - 86.b. Choose the answer that you think is correct. If you answer “Yes” to any questions (or if you answer ""No,"" but are unsure of your answer), provide an explanation of the events and circumstances in the space provided in Part 14. Additional Information.",,18,"Have you EVER been issued a final order of exclusion, deportation, or removal?","Yes, No",Checkbox,
i485,Part 8.,General Eligibilty and Inadmissibilty Grounds,"Answer Item Numbers 14. - 86.b. Choose the answer that you think is correct. If you answer “Yes” to any questions (or if you answer ""No,"" but are unsure of your answer), provide an explanation of the events and circumstances in the space provided in Part 14. Additional Information.",,19,"Have you EVER had a prior final order of exclusion, deportation, or removal reinstated?","Yes, No",Checkbox,
i485,Part 8.,General Eligibilty and Inadmissibilty Grounds,"Answer Item Numbers 14. - 86.b. Choose the answer that you think is correct. If you answer “Yes” to any questions (or if you answer ""No,"" but are unsure of your answer), provide an explanation of the events and circumstances in the space provided in Part 14. Additional Information.",,20,"Have you EVER had a prior final order of exclusion, deportation, or removal reinstated?","Yes, No",Checkbox,
i485,Part 8.,General Eligibilty and Inadmissibilty Grounds,"Answer Item Numbers 14. - 86.b. Choose the answer that you think is correct. If you answer “Yes” to any questions (or if you answer ""No,"" but are unsure of your answer), provide an explanation of the events and circumstances in the space provided in Part 14. Additional Information.",,21,Have you EVER held lawful permanent resident status which was later rescinded?,"Yes, No",Checkbox,
i485,Part 8.,General Eligibilty and Inadmissibilty Grounds,"Answer Item Numbers 14. - 86.b. Choose the answer that you think is correct. If you answer “Yes” to any questions (or if you answer ""No,"" but are unsure of your answer), provide an explanation of the events and circumstances in the space provided in Part 14. Additional Information.",,22,Have you EVER been granted voluntary departure by an immigration officer or an immigration judge but failed to depart within the allotted time?,"Yes, No",Checkbox,
i485,Part 8.,General Eligibilty and Inadmissibilty Grounds,"Answer Item Numbers 14. - 86.b. Choose the answer that you think is correct. If you answer “Yes” to any questions (or if you answer ""No,"" but are unsure of your answer), provide an explanation of the events and circumstances in the space provided in Part 14. Additional Information.",,23,"Have you EVER applied for any kind of relief or protection from removal, exclusion, or deportation?","Yes, No",Checkbox,
i485,Part 8.,General Eligibilty and Inadmissibilty Grounds,"If you answered ""Yes"" to Item Number 24.a., complete Item Numbers 24.b. - 24.c. If you answered ""No"" to Item Number 24.a., skip to Item Number 25.",,24.a.,Have you EVER been a J nonimmigrant exchange visitor who was subject to the two-year foreign residence requirement?,"Yes, No",Checkbox,
i485,Part 8.,General Eligibilty and Inadmissibilty Grounds,"Answer Item Numbers 14. - 86.b. Choose the answer that you think is correct. If you answer “Yes” to any questions (or if you answer ""No,"" but are unsure of your answer), provide an explanation of the events and circumstances in the space provided in Part 14. Additional Information.",,24.b.,Have you complied with the foreign residence requirement?,"Yes, No",Checkbox,
i485,Part 8.,General Eligibilty and Inadmissibilty Grounds,"Answer Item Numbers 14. - 86.b. Choose the answer that you think is correct. If you answer “Yes” to any questions (or if you answer ""No,"" but are unsure of your answer), provide an explanation of the events and circumstances in the space provided in Part 14. Additional Information.",,24.c.,Have you been granted a waiver or has Department of State issued a favorable waiver recommendation letter for you?,"Yes, No",Checkbox,
i485,Part 8.,General Eligibilty and Inadmissibilty Grounds,"Criminal Acts and Violations- For Item Numbers 25. - 45., you must answer ""Yes"" to any question that applies to you, even if your records were sealed or otherwise cleared, or even if anyone, including a judge, law enforcement officer, or attorney, told you that you no longer have a record. You must also answer ""Yes"" to the following questions whether the action or offense occurred here in the United States or anywhere else in the world. If you answer ""Yes"" to Item Numbers 25. - 45., use the space provided in Part 14. Additional Information to provide an explanation that includes why you were arrested, cited, detained, or charged; where you were arrested, cited, detained, or charged; when (date) the event occurred; and the outcome or disposition (for example, no charges filed, charges dismissed, jail, probation, community service).",,25,"Have you EVER been arrested, cited, charged, or detained for any reason by any law enforcement official (including but not limited to any U.S. immigration official or any official of the U.S. armed forces or U.S. Coast Guard)?","Yes, No",Checkbox,
i485,Part 8.,General Eligibilty and Inadmissibilty Grounds,Criminal Acts and Violations,,26,"Have you EVER committed a crime of any kind (even if you were not arrested, cited, charged with, or tried for that crime)?","Yes, No",Checkbox,
i485,Part 8.,General Eligibilty and Inadmissibilty Grounds,Criminal Acts and Violations,,27,"Have you EVER pled guilty to or been convicted of a crime or offense (even if the violation was subsequently expunged or sealed by a court, or if you were granted a pardon, amnesty, a rehabilitation decree, or other act of clemency)? NOTE: If you were the beneficiary of a pardon, amnesty, a rehabilitation decree, or other act of clemency, provide documentation of that post-conviction action.","Yes, No",Checkbox,
i485,Part 8.,General Eligibilty and Inadmissibilty Grounds,Criminal Acts and Violations,,28,"Have you EVER been ordered punished by a judge or had conditions imposed on you that restrained your liberty (such as a prison sentence, suspended sentence, house arrest, parole, alternative sentencing, drug or alcohol treatment, rehabilitative programs or classes, probation, or community service)?","Yes, No",Checkbox,
i485,Part 8.,General Eligibilty and Inadmissibilty Grounds,Criminal Acts and Violations,,29,"Have you EVER been a defendant or the accused in a criminal proceeding (including pre-trial diversion, deferred prosecution, deferred adjudication, or any withheld adjudication)?","Yes, No",Checkbox,
i485,Part 8.,General Eligibilty and Inadmissibilty Grounds,Criminal Acts and Violations,,30,"Have you EVER violated (or attempted or conspired to violate) any controlled substance law or regulation of a state, the United States, or a foreign country?","Yes, No",Checkbox,
i485,Part 8.,General Eligibilty and Inadmissibilty Grounds,Criminal Acts and Violations,,31,Have you EVER been convicted of two or more offenses (other than purely political offenses) for which the combined sentences to confinement were five years or more?,"Yes, No",Checkbox,
i485,Part 8.,General Eligibilty and Inadmissibilty Grounds,Criminal Acts and Violations,,32,"Have you EVER illicitly (illegally) trafficked or benefited from the trafficking of any controlled substances, such as chemicals, illegal drugs, or narcotics?","Yes, No",Checkbox,
i485,Part 8.,General Eligibilty and Inadmissibilty Grounds,Criminal Acts and Violations,,33,"Have you EVER knowingly aided, abetted, assisted, conspired, or colluded in the illicit trafficking of any illegal narcotic or other controlled substances?","Yes, No",Checkbox,
i485,Part 8.,General Eligibilty and Inadmissibilty Grounds,Criminal Acts and Violations,,34,"Are you the spouse, son, or daughter of a foreign national who illicitly trafficked or aided (or otherwise abetted, assisted, conspired, or colluded) in the illicit trafficking of a controlled substance, such as chemicals, illegal drugs, or narcotics and you obtained, within the last five years, any financial or other benefit from the illegal activity of your spouse or parent, although you knew or reasonably should have known that the financial or other benefit resulted from the illicit activity of your spouse or parent?","Yes, No",Checkbox,
i485,Part 8.,General Eligibilty and Inadmissibilty Grounds,Criminal Acts and Violations,,35,Have you EVER engaged in prostitution or are you coming to the United States to engage in prostitution?,"Yes, No",Checkbox,
i485,Part 8.,General Eligibilty and Inadmissibilty Grounds,Criminal Acts and Violations,,36,Have you EVER directly or indirectly procured (or attempted to procure) or imported prostitutes or persons for the purpose of prostitution?,"Yes, No",Checkbox,
i485,Part 8.,General Eligibilty and Inadmissibilty Grounds,Criminal Acts and Violations,,37,Have you EVER received any proceeds or money from prostitution?,"Yes, No",Checkbox,
i485,Part 8.,General Eligibilty and Inadmissibilty Grounds,Criminal Acts and Violations,,38,"Do you intend to engage in illegal gambling or any other form of commercialized vice, such as prostitution, bootlegging, or the sale of child pornography, while in the United States?","Yes, No",Checkbox,
i485,Part 8.,General Eligibilty and Inadmissibilty Grounds,Criminal Acts and Violations,,39,Have you EVER exercised immunity (diplomatic or otherwise) to avoid being prosecuted for a criminal offense in the United States?,"Yes, No",Checkbox,
i485,Part 8.,General Eligibilty and Inadmissibilty Grounds,Criminal Acts and Violations,,40,"Have you EVER, while serving as a foreign government official, been responsible for or directly carried out violations of religious freedoms?","Yes, No",Checkbox,
i485,Part 8.,General Eligibilty and Inadmissibilty Grounds,Criminal Acts and Violations,,41,"Have you EVER induced by force, fraud, or coercion (or otherwise been involved in) the trafficking of persons for commercial sex acts?","Yes, No",Checkbox,
i485,Part 8.,General Eligibilty and Inadmissibilty Grounds,Criminal Acts and Violations,,42,"Have you EVER trafficked a person into involuntary servitude, peonage, debt bondage, or slavery? Trafficking includes recruiting, harboring, transporting, providing, or obtaining a person for labor or services through the use of force, fraud, or coercion.","Yes, No",Checkbox,
i485,Part 8.,General Eligibilty and Inadmissibilty Grounds,Criminal Acts and Violations,,43,"Have you EVER knowingly aided, abetted, assisted, conspired, or colluded with others in trafficking persons for commercial sex acts or involuntary servitude, peonage, debt bondage, or slavery?","Yes, No",Checkbox,
i485,Part 8.,General Eligibilty and Inadmissibilty Grounds,Criminal Acts and Violations,,44,"Are you the spouse, son or daughter of a foreign national who engaged in the trafficking of persons and have received or obtained, within the last five years, any financial or other benefits from the illicit activity of your spouse or your parent, although you knew or reasonably should have known that this benefit resulted from the illicit activity of your spouse or parent?","Yes, No",Checkbox,
i485,Part 8.,General Eligibilty and Inadmissibilty Grounds,Criminal Acts and Violations,,45,"Have you EVER engaged in money laundering or have you EVER knowingly aided, assisted, conspired, or colluded with others in money laundering or do you seek to enter the United States to engage in such activity?","Yes, No",Checkbox,
i485,Part 8.,General Eligibilty and Inadmissibilty Grounds,Security and Related (Do you intend to:),,46.a.,Engage in any activity that violates or evades any law relating to espionage (including spying) or sabotage in the United States?,"Yes, No",Checkbox,
i485,Part 8.,General Eligibilty and Inadmissibilty Grounds,Security and Related (Do you intend to:),,46.b.,"Engage in any activity in the United States that violates or evades any law prohibiting the export from the United States of goods, technology, or sensitive information?","Yes, No",Checkbox,
i485,Part 8.,General Eligibilty and Inadmissibilty Grounds,Security and Related (Do you intend to:),,46.c.,"Engage in any activity whose purpose includes opposing, controlling, or overthrowing the U.S. Government by force, violence, or other unlawful means while in the United States?","Yes, No",Checkbox,
i485,Part 8.,General Eligibilty and Inadmissibilty Grounds,Security and Related (Do you intend to:),,46.d.,"Engage in any activity that could endanger the welfare, safety, or security of the United States?","Yes, No",Checkbox,
i485,Part 8.,General Eligibilty and Inadmissibilty Grounds,Security and Related (Do you intend to:),,46.e.,Engage in any other unlawful activity?,"Yes, No",Checkbox,
i485,Part 8.,General Eligibilty and Inadmissibilty Grounds,Security and Related (Do you intend to:),,47,"Are you engaged in or, upon your entry into the United States, do you intend to engage in any activity that could have potentially serious adverse foreign policy consequences for the United States?","Yes, No",Checkbox,
i485,Part 8.,General Eligibilty and Inadmissibilty Grounds,Security and Related (Have you EVER:),,48.a.,"Committed, threatened to commit, attempted to commit, conspired to commit, incited, endorsed, advocated, planned, or prepared any of the following: hijacking, sabotage, kidnapping, political assassination, or use of a weapon or explosive to harm another individual or cause substantial damage to property","Yes, No",Checkbox,
i485,Part 8.,General Eligibilty and Inadmissibilty Grounds,Security and Related (Have you EVER:),,48.b.,"Participated in, or been a member of, a group or organization that did any of the activities described in Item Number 48.a.?","Yes, No",Checkbox,
i485,Part 8.,General Eligibilty and Inadmissibilty Grounds,Security and Related (Have you EVER:),,48.c.,Recruited members or asked for money or things of value for a group or organization that did any of the activities described in Item Number 48.a.?,"Yes, No",Checkbox,
i485,Part 8.,General Eligibilty and Inadmissibilty Grounds,Security and Related (Have you EVER:),,48.d.,"Provided money, a thing of value, services or labor, or any other assistance or support for any of the activities described in Item Number 48.a.?","Yes, No",Checkbox,
i485,Part 8.,General Eligibilty and Inadmissibilty Grounds,Security and Related (Have you EVER:),,48.e.,"Provided money, a thing of value, services or labor, or any other assistance or support for an individual, group, or organization who did any of the activities described in Item Number 48.a.?","Yes, No",Checkbox,
i485,Part 8.,General Eligibilty and Inadmissibilty Grounds,Security and Related (Have you EVER:),,49,"Have you EVER received any type of military, paramilitary, or weapons training?","Yes, No",Checkbox,
i485,Part 8.,General Eligibilty and Inadmissibilty Grounds,"Security and Related (Have you EVER:) NOTE: If you answered “Yes” to any part of Item Numbers 46.a. - 50., explain what you did, including the dates and location of the circumstances, or what you intend to do in the space provided in Part 14. Additional Information.",,50,Do you intend to engage in any of the activities listed in any part of Item Numbers 48.a. - 49.?,"Yes, No",Checkbox,
i485,Part 8.,General Eligibilty and Inadmissibilty Grounds,Security and Related (Are you the spouse or child of an individual who EVER: ),,51.a.,"Committed, threatened to commit, attempted to commit, conspired to commit, incited, endorsed, advocated, planned, or prepared any of the following: hijacking, sabotage, kidnapping, political assassination, or use of a weapon or explosive to harm another individual or cause substantial damage to property?","Yes, No",Checkbox,
i485,Part 8.,General Eligibilty and Inadmissibilty Grounds,Security and Related (Are you the spouse or child of an individual who EVER: ),,51.b.,"Participated in, or been a member or a representative of a group or organization that did any of the activities described in Item Number 51.a.?","Yes, No",Checkbox,
i485,Part 8.,General Eligibilty and Inadmissibilty Grounds,Security and Related (Are you the spouse or child of an individual who EVER: ),,51.c.,"Recruited members, or asked for money or things of value, for a group or organization that did any of the activities described in Item Number 51.a.?","Yes, No",Checkbox,
i485,Part 8.,General Eligibilty and Inadmissibilty Grounds,Security and Related (Are you the spouse or child of an individual who EVER: ),,51.d.,"Provided money, a thing of value, services or labor, or any other assistance or support for any of the activities described in Item Number 51.a.?","Yes, No",Checkbox,
i485,Part 8.,General Eligibilty and Inadmissibilty Grounds,Security and Related (Are you the spouse or child of an individual who EVER: ),,51.e.,"Provided money, a thing of value, services or labor, or any other assistance or support to an individual, group, or organization who did any of the activities described in Item Number 51.a.?","Yes, No",Checkbox,
i485,Part 8.,General Eligibilty and Inadmissibilty Grounds,"Security and Related (Are you the spouse or child of an individual who EVER: ) NOTE: If you answered “Yes” to any part of Item Number 51., explain the relationship and what occurred, including the dates and location of the circumstances, in the space provided in Part 14. Additional Information.",,51.f.,"Received any type of military, paramilitary, or weapons training from a group or organization that did any of the activities described in Item Number 51.a.?","Yes, No",Checkbox,
i485,Part 8.,General Eligibilty and Inadmissibilty Grounds,Security and Related (Are you the spouse or child of an individual who EVER: ),,52,"Have you EVER assisted or participated in selling, providing, or transporting weapons to any person who, to your knowledge, used them against another person?","Yes, No",Checkbox,
i485,Part 8.,General Eligibilty and Inadmissibilty Grounds,Security and Related (Are you the spouse or child of an individual who EVER: ),,53,"Have you EVER worked, volunteered, or otherwise served in any prison, jail, prison camp, detention facility, labor camp, or any other situation that involved detaining persons?","Yes, No",Checkbox,
i485,Part 8.,General Eligibilty and Inadmissibilty Grounds,Security and Related (Are you the spouse or child of an individual who EVER: ),,54,"Have you EVER been a member of, assisted, or participated in any group, unit, or organization of any kind in which you or other persons used any type of weapon against any person or threatened to do so?","Yes, No",Checkbox,
i485,Part 8.,General Eligibilty and Inadmissibilty Grounds,Security and Related (Are you the spouse or child of an individual who EVER: ),,55,"Have you EVER served in, been a member of, assisted, or participated in any military unit, paramilitary unit, police unit, self-defense unit, vigilante unit, rebel group, guerilla group, militia, insurgent organization, or any other armed group?","Yes, No",Checkbox,
i485,Part 8.,General Eligibilty and Inadmissibilty Grounds,Security and Related (Are you the spouse or child of an individual who EVER: ),,56,"Have you EVER been a member of, or in any way affiliated with, the Communist Party or any other totalitarian party (in the United States or abroad)?","Yes, No",Checkbox,
i485,Part 8.,General Eligibilty and Inadmissibilty Grounds,Security and Related (Are you the spouse or child of an individual who EVER: ),,57,"During the period from March 23, 1933 to May 8, 1945, did you ever order, incite, assist, or otherwise participate in the persecution of any person because of race, religion, national origin, or political opinion, in association with either the Nazi government of Germany or any organization or government associated or allied with the Nazi government of Germany?","Yes, No",Checkbox,
i485,Part 8.,General Eligibilty and Inadmissibilty Grounds,"Security and Related (Have you EVER ordered, incited, called for, committed, assisted, helped with, or otherwise participated in any of the following:)",,58.a.,Acts involving torture or genocide?,"Yes, No",Checkbox,
i485,Part 8.,General Eligibilty and Inadmissibilty Grounds,"Security and Related (Have you EVER ordered, incited, called for, committed, assisted, helped with, or otherwise participated in any of the following:)",,58.b.,Killing any person?,"Yes, No",Checkbox,
i485,Part 8.,General Eligibilty and Inadmissibilty Grounds,"Security and Related (Have you EVER ordered, incited, called for, committed, assisted, helped with, or otherwise participated in any of the following:)",,58.c.,Intentionally and severely injuring any person?,"Yes, No",Checkbox,
i485,Part 8.,General Eligibilty and Inadmissibilty Grounds,"Security and Related (Have you EVER ordered, incited, called for, committed, assisted, helped with, or otherwise participated in any of the following:)",,58.d.,"Engaging in any kind of sexual contact or relations with any person who did not consent or was unable to consent, or was being forced or threatened?","Yes, No",Checkbox,
i485,Part 8.,General Eligibilty and Inadmissibilty Grounds,"Security and Related (Have you EVER ordered, incited, called for, committed, assisted, helped with, or otherwise participated in any of the following:)",,58.e.,Limiting or denying any person's ability to exercise religious beliefs?,"Yes, No",Checkbox,
i485,Part 8.,General Eligibilty and Inadmissibilty Grounds,"Security and Related (Have you EVER ordered, incited, called for, committed, assisted, helped with, or otherwise participated in any of the following:)",,59,"Have you EVER recruited, enlisted, conscripted, or used any person under 15 years of age to serve in or help an armed force or group?","Yes, No",Checkbox,
i485,Part 8.,General Eligibilty and Inadmissibilty Grounds,"Security and Related (Have you EVER ordered, incited, called for, committed, assisted, helped with, or otherwise participated in any of the following:) NOTE: If you answered “Yes” to any part of Item Numbers 52. - 60., explain what occurred, including the dates and location of the circumstances, in the space provided in Part 14. Additional Information.",,60,"Have you EVER used any person under 15 years of age to take part in hostilities, or to help or provide services to people in combat?","Yes, No",Checkbox,
i485,Part 8.,General Eligibilty and Inadmissibilty Grounds,"Public Charge If you answered “Yes” to Item Number 61., complete Item Numbers 62. - 68.d. below. If you answered “No” to Item Number 61., go to Item Number 69.a. If you need extra space to complete this section, use the space provided in Part 14. Additional Information.",,61,Are you subject to the public charge ground of inadmissibility under INA section 212(a)(4)?,"Yes, No",Checkbox,
i485,Part 8.,General Eligibilty and Inadmissibilty Grounds,"Public Charge If you answered “Yes” to Item Number 61., complete Item Numbers 62. - 68.d. below. If you answered “No” to Item Number 61., go to Item Number 69.a. If you need extra space to complete this section, use the space provided in Part 14. Additional Information.",,62,What is the size of your household?,,Text,
i485,Part 8.,General Eligibilty and Inadmissibilty Grounds,"Public Charge If you answered “Yes” to Item Number 61., complete Item Numbers 62. - 68.d. below. If you answered “No” to Item Number 61., go to Item Number 69.a. If you need extra space to complete this section, use the space provided in Part 14. Additional Information.",,63,Indicate your annual household income.,"$0-27,000 $27,001-52,000 $52,001-85,000 $85,001-141,000 Over $141,000",Int,
i485,Part 8.,General Eligibilty and Inadmissibilty Grounds,"Public Charge If you answered “Yes” to Item Number 61., complete Item Numbers 62. - 68.d. below. If you answered “No” to Item Number 61., go to Item Number 69.a. If you need extra space to complete this section, use the space provided in Part 14. Additional Information.",,64,Identify the total value of your household assets.,"$0-18,400 $18,401-136,000 $136,001-321,400 $321,401-707,100 Over $707,100",Int,
i485,Part 8.,General Eligibilty and Inadmissibilty Grounds,"Public Charge If you answered “Yes” to Item Number 61., complete Item Numbers 62. - 68.d. below. If you answered “No” to Item Number 61., go to Item Number 69.a. If you need extra space to complete this section, use the space provided in Part 14. Additional Information.",,65,Identify the total value of your household liabilities (including both secured and unsecured liabilities).,"$0 $1-10,100 $10,101-57,700 $57,701-186,800 Over $186,800",Int,
i485,Part 8.,General Eligibilty and Inadmissibilty Grounds,"Public Charge If you answered “Yes” to Item Number 61., complete Item Numbers 62. - 68.d. below. If you answered “No” to Item Number 61., go to Item Number 69.a. If you need extra space to complete this section, use the space provided in Part 14. Additional Information.",,66,What is the highest degree or level of school you have completed?,"Grades 1 through 11 12th grade - no diploma High school diploma, GED, or alternative credential 1 or more years of college credit, no degree Associate's degree What is the highest degree or level of school you have completed? Bachelor's degree Master's degree Professional degree (JD, MD, DMD, etc.) Doctorate degree",Checkbox,
i485,Part 8.,General Eligibilty and Inadmissibilty Grounds,"Public Charge If you answered “Yes” to Item Number 61., complete Item Numbers 62. - 68.d. below. If you answered “No” to Item Number 61., go to Item Number 69.a. If you need extra space to complete this section, use the space provided in Part 14. Additional Information.",,67,"List your certifications, licenses, skills obtained through work experience, and educational certificates",,Text,
i485,Part 8.,General Eligibilty and Inadmissibilty Grounds,"Public Charge If you answered “Yes” to Item Number 61., complete Item Numbers 62. - 68.d. below. If you answered “No” to Item Number 61., go to Item Number 69.a. If you need extra space to complete this section, use the space provided in Part 14. Additional Information.",,68.a.,"Have you ever received Supplemental Security Income (SSI), Temporary Assistance for Needy Families (TANF), or State, Tribal, territorial, or local, cash benefit programs for income maintenance (often called “General Assistance” in the State context, but which also exist under other names)?","Yes, No",Checkbox,
i485,Part 8.,General Eligibilty and Inadmissibilty Grounds,"Public Charge If you answered “Yes” to Item Number 61., complete Item Numbers 62. - 68.d. below. If you answered “No” to Item Number 61., go to Item Number 69.a. If you need extra space to complete this section, use the space provided in Part 14. Additional Information.",,68.b.,Have you ever received long-term institutionalization at government expense?,"Yes, No",Checkbox,
i485,Part 8.,General Eligibilty and Inadmissibilty Grounds,"Public Charge If you answered “Yes” to Item Number 61., complete Item Numbers 62. - 68.d. below. If you answered “No” to Item Number 61., go to Item Number 69.a. If you need extra space to complete this section, use the space provided in Part 14. Additional Information.",,68.c.,"If your answer to Item Number 68.a. is “Yes,” list the specific benefit(s) you received, the start and end dates of each period of receipt, and the dollar amount of benefits received","Benefit Received, Start Date, End Date, Dollar Amount",Table,
i485,Part 8.,General Eligibilty and Inadmissibilty Grounds,"Public Charge If you answered “Yes” to Item Number 61., complete Item Numbers 62. - 68.d. below. If you answered “No” to Item Number 61., go to Item Number 69.a. If you need extra space to complete this section, use the space provided in Part 14. Additional Information.",,68.d.,"If your answer to Item Number 68.b. is “Yes,” list the name, city, and state for each institution, the start and end dates of each period of institutionalization, and the reason you were institutionalized.","Institution Name_City_State, Date From, Date To, Reason",Table,
i485,Part 8.,General Eligibilty and Inadmissibilty Grounds,Illegal Entries and Other Immigration Violations,,69.a.,"Have you EVER failed or refused to attend or to remain in attendance at any removal proceeding filed against you on or after April 1, 1997?","Yes, No",Checkbox,
i485,Part 8.,General Eligibilty and Inadmissibilty Grounds,Illegal Entries and Other Immigration Violations,,69.b.,"If your answer to Item Number 69.a. is ""Yes,"" do you believe you had reasonable cause?","Yes, No",Checkbox,
i485,Part 8.,General Eligibilty and Inadmissibilty Grounds,Illegal Entries and Other Immigration Violations,,69.c.,"If your answer to Item Number 69.b. is ""Yes,"" attach a written statement explaining why you had reasonable cause.","Yes, No",Checkbox,
i485,Part 8.,General Eligibilty and Inadmissibilty Grounds,Illegal Entries and Other Immigration Violations,,70,"Have you EVER submitted fraudulent or counterfeit documentation to any U.S. Government official to obtain or attempt to obtain any immigration benefit, including a visa or entry into the United States?","Yes, No",Checkbox,
i485,Part 8.,General Eligibilty and Inadmissibilty Grounds,Illegal Entries and Other Immigration Violations,,71,"Have you EVER lied about, concealed, or misrepresented any information on an application or petition to obtain a visa, other documentation required for entry into the United States, admission to the United States, or any other kind of immigration benefit?","Yes, No",Checkbox,
i485,Part 8.,General Eligibilty and Inadmissibilty Grounds,Illegal Entries and Other Immigration Violations,,72,Have you EVER falsely claimed to be a U.S. citizen (in writing or any other way)?,"Yes, No",Checkbox,
i485,Part 8.,General Eligibilty and Inadmissibilty Grounds,Illegal Entries and Other Immigration Violations,,73,Have you EVER been a stowaway on a vessel or aircraft arriving in the United States?,"Yes, No",Checkbox,
i485,Part 8.,General Eligibilty and Inadmissibilty Grounds,Illegal Entries and Other Immigration Violations,,74,"Have you EVER knowingly encouraged, induced, assisted, abetted, or aided any foreign national to enter or to try to enter the United States illegally (alien smuggling)?","Yes, No",Checkbox,
i485,Part 8.,General Eligibilty and Inadmissibilty Grounds,Illegal Entries and Other Immigration Violations,,75,Are you under a final order of civil penalty for violating INA section 274C for use of fraudulent documents?,"Yes, No",Checkbox,
i485,Part 8.,General Eligibilty and Inadmissibilty Grounds,"Removal, Unlawful Presence, or Illegal Reentry After Previous Immigration Violations",,76,"Have you EVER been excluded, deported, or removed from the United States or have you ever departed the United States on your own after having been ordered excluded, deported, or removed from the United States?","Yes, No",Checkbox,
i485,Part 8.,General Eligibilty and Inadmissibilty Grounds,"Removal, Unlawful Presence, or Illegal Reentry After Previous Immigration Violations",,77,Have you EVER entered the United States without being inspected and admitted or paroled?,"Yes, No",Checkbox,
i485,Part 8.,General Eligibilty and Inadmissibilty Grounds,"Removal, Unlawful Presence, or Illegal Reentry After Previous Immigration Violations. Since April 1, 1997, have you been unlawfully present in the United States: NOTE: You were unlawfully present in the United States if you entered the United States without being inspected and admitted or inspected and paroled, or if you legally entered the United States but you stayed longer than permitted.",,78.a.,"For more than 180 days but less than a year, and then departed the United States?","Yes, No",Checkbox,
i485,Part 8.,General Eligibilty and Inadmissibilty Grounds,"Removal, Unlawful Presence, or Illegal Reentry After Previous Immigration Violations. Since April 1, 1997, have you been unlawfully present in the United States: NOTE: You were unlawfully present in the United States if you entered the United States without being inspected and admitted or inspected and paroled, or if you legally entered the United States but you stayed longer than permitted.",,78.b.,For one year or more and then departed the United States?,"Yes, No",Checkbox,
i485,Part 8.,General Eligibilty and Inadmissibilty Grounds,"Removal, Unlawful Presence, or Illegal Reentry After Previous Immigration Violations Since April 1, 1997, have you EVER reentered or attempted to reenter the United States without being inspected and admitted or paroled after:",,79.a.,Having been unlawfully present in the United States for more than one year in the aggregate?,"Yes, No",Checkbox,
i485,Part 8.,General Eligibilty and Inadmissibilty Grounds,"Removal, Unlawful Presence, or Illegal Reentry After Previous Immigration Violations Since April 1, 1997, have you EVER reentered or attempted to reenter the United States without being inspected and admitted or paroled after:",,79.b.,"Having been deported, excluded, or removed from the United States?","Yes, No",Checkbox,
i485,Part 8.,General Eligibilty and Inadmissibilty Grounds,Miscellaneous Conduct,,80,Do you plan to practice polygamy in the United States?,"Yes, No",Checkbox,
i485,Part 8.,General Eligibilty and Inadmissibilty Grounds,Miscellaneous Conduct,,81,"Are you accompanying another foreign national who requires your protection or guardianship but who is inadmissible after being certified by a medical officer as being helpless from sickness, physical or mental disability, or infancy, as described in INA section 232(c)?","Yes, No",Checkbox,
i485,Part 8.,General Eligibilty and Inadmissibilty Grounds,Miscellaneous Conduct,,82,"Have you EVER voted in violation of any Federal, state, or local constitutional provision, statute, ordinance, or regulation in the United States?","Yes, No",Checkbox,
i485,Part 8.,General Eligibilty and Inadmissibilty Grounds,Miscellaneous Conduct,,83,"Have you EVER voted in violation of any Federal, state, or local constitutional provision, statute, ordinance, or regulation in the United States?","Yes, No",Checkbox,
i485,Part 8.,General Eligibilty and Inadmissibilty Grounds,Miscellaneous Conduct,,84,Have you EVER renounced U.S. citizenship to avoid being taxed by the United States?,"Yes, No",Checkbox,
i485,Part 8.,General Eligibilty and Inadmissibilty Grounds,Miscellaneous Conduct (Have you EVER:),,85.a.,Applied for exemption or discharge from training or service in the U.S. armed forces or in the U.S. National Security Training Corps on the ground that you are a foreign national?,"Yes, No",Checkbox,
i485,Part 8.,General Eligibilty and Inadmissibilty Grounds,Miscellaneous Conduct (Have you EVER:),,85.b.,Been relieved or discharged from such training or service on the ground that you are a foreign national?,"Yes, No",Checkbox,
i485,Part 8.,General Eligibilty and Inadmissibilty Grounds,Miscellaneous Conduct (Have you EVER:),,85.c.,Been convicted of desertion from the U.S. armed forces?,"Yes, No",Checkbox,
i485,Part 8.,General Eligibilty and Inadmissibilty Grounds,Miscellaneous Conduct (Have you EVER:),,86.a.,Have you EVER left or remained outside the United States to avoid or evade training or service in the U.S. armed forces in time of war or a period declared by the President to be a national emergency?,"Yes, No",Checkbox,
i485,Part 8.,General Eligibilty and Inadmissibilty Grounds,Miscellaneous Conduct (Have you EVER:),,86.b.,"If your answer to Item Number 86.a. is “Yes,” what was your nationality or immigration status immediately before you left (for example, U.S. citizen or national, lawful permanent resident, nonimmigrant, parolee, present without admission or parole, or any other status)?","Yes, No",Checkbox,
i485,Part 9.,Accommodations for Individuals With Disabilities and/or Impairments,Are you requesting an accommodation because of your disabilities and/or impairments?,,1,"If you answered ""Yes"" to Item Number 1., select any applicable box in Item Numbers 2.a. - 2.c. and provide an answer","Yes, No",Checkbox,
i485,Part 9.,Accommodations for Individuals With Disabilities and/or Impairments,Are you requesting an accommodation because of your disabilities and/or impairments?,,2.a.,"I am deaf or hard of hearing and request the following accommodation. (If you are requesting a sign-language interpreter, indicate for which language (for example, American Sign Language).):","Yes, No",Checkbox,
i485,Part 9.,Accommodations for Individuals With Disabilities and/or Impairments,Are you requesting an accommodation because of your disabilities and/or impairments?,,2.b.,I am blind or have low vision and request the following accommodation:,"Yes, No",Checkbox,
i485,Part 9.,Accommodations for Individuals With Disabilities and/or Impairments,Are you requesting an accommodation because of your disabilities and/or impairments?,,2.c.,I have another type of disability and/or impairment. (Describe the nature of your disability and/or impairment and the accommodation you are requesting.),"Yes, No",Checkbox,
i485,Part 10.,"Applicant's Statement, Contact Information, Declaration, Certification, and Signature","Applicant's Statement NOTE: Select the box for either Item Number 1.a. or 1.b. If applicable, select the box for Item Number 2.",,1.a.,"I can read and understand English, and I have read and understand every question and instruction on this application and my answer to every question.","Yes, No",Checkbox,
i485,Part 10.,"Applicant's Statement, Contact Information, Declaration, Certification, and Signature","Applicant's Statement NOTE: Select the box for either Item Number 1.a. or 1.b. If applicable, select the box for Item Number 2.",,1.b.,"The interpreter named in Part 11. read to me every question and instruction on this application and my answer to every question in a language in which I am fluent, and I understood everything.","Yes, No",Checkbox,
i485,Part 10.,"Applicant's Statement, Contact Information, Declaration, Certification, and Signature","Applicant's Statement NOTE: Select the box for either Item Number 1.a. or 1.b. If applicable, select the box for Item Number 2.",,2,"At my request, the preparer named in Part 12., prepared this application for me based only upon information I provided or authorized.","Yes, No",Checkbox,
i485,Part 10.,"Applicant's Statement, Contact Information, Declaration, Certification, and Signature",Applicant's Contact Information,,3,Applicant's Daytime Telephone Number,,Int,
i485,Part 10.,"Applicant's Statement, Contact Information, Declaration, Certification, and Signature",Applicant's Contact Information,,4,Applicant's Mobile Telephone Number (if any,,Int,
i485,Part 10.,"Applicant's Statement, Contact Information, Declaration, Certification, and Signature",Applicant's Contact Information,,5,Applicant's Email Address (if any),,Text,
i485,Part 10.,"Applicant's Statement, Contact Information, Declaration, Certification, and Signature",Applicant's Declaration and Certification,,6,"Copies of any documents I have submitted are exact photocopies of unaltered, original documents, and I understand that USCIS may require that I submit original documents to USCIS at a later date. Furthermore, I authorize the release of any information from any and all of my records that USCIS may need to determine my eligibility for the immigration benefit that I seek. I understand that if I am a male who is 18 to 26 years of age, submitting this application will automatically register me with the Selective Service System as required by the Military Selective Service Act. I furthermore authorize release of information contained in this application, in supporting documents, and in my USCIS records, to other entities and persons where necessary for the administration and enforcement of U.S. immigration law. I understand that USCIS may require me to appear for an appointment to take my biometrics (fingerprints, photograph, and/or signature) and, at that time, if I am required to provide biometrics, I will be required to sign an oath reaffirming that: 1) I reviewed and understood all of the information contained in, and submitted with, my application; and 2) All of this information was complete, true, and correct at the time of filing. I certify, under penalty of perjury, that all of the information in my application and any document submitted with it were provided or authorized by me, that I reviewed and understand all of the information contained in, and submitted with, my application and that all of this information is complete, true, and correct.",,,
i485,Part 10.,"Applicant's Statement, Contact Information, Declaration, Certification, and Signature",Applicant's Signature,,6.a.,Applicant's Signature (sign in ink),,Print,
i485,Part 10.,"Applicant's Statement, Contact Information, Declaration, Certification, and Signature",Applicant's Signature,,6.b.,Date of Signature (mm/dd/yyyy),,Date,
i485,Part 11.,"Interpreter's Contact Information, Certification, and Signature",Interpreter's Full Name,,1.a.,Interpreter's Family Name (Last Name),,Text,
i485,Part 11.,"Interpreter's Contact Information, Certification, and Signature",Interpreter's Full Name,,1.b.,Interpreter's Given Name (First Name),,Text,
i485,Part 11.,"Interpreter's Contact Information, Certification, and Signature",Interpreter's Full Name,,2,Interpreter's Business or Organization Name (if any),,Text,
i485,Part 11.,"Interpreter's Contact Information, Certification, and Signature",Interpreter's Mailing Address,,3.a.,Street Number and Name,,Text,
i485,Part 11.,"Interpreter's Contact Information, Certification, and Signature",Interpreter's Mailing Address,,3.b.,"Apt., Ste., Flr.","Apt., Ste., Flr.",Checkbox,
i485,Part 11.,"Interpreter's Contact Information, Certification, and Signature",Interpreter's Mailing Address,,3.c.,City or Town,,Text,
i485,Part 11.,"Interpreter's Contact Information, Certification, and Signature",Interpreter's Mailing Address,,3.d.,State,,Text,
i485,Part 11.,"Interpreter's Contact Information, Certification, and Signature",Interpreter's Mailing Address,,3e.,Zip Code,,Int,
i485,Part 11.,"Interpreter's Contact Information, Certification, and Signature",Interpreter's Mailing Address,,3.f.,Province,,Text,
i485,Part 11.,"Interpreter's Contact Information, Certification, and Signature",Interpreter's Mailing Address,,3.g.,Postal Code,,Int,
i485,Part 11.,"Interpreter's Contact Information, Certification, and Signature",Interpreter's Mailing Address,,3.h.,Country,,Text,
i485,Part 11.,"Interpreter's Contact Information, Certification, and Signature",Interpreter's Contact Information,,4,Interpreter's Daytime Telephone Number,,Int,
i485,Part 11.,"Interpreter's Contact Information, Certification, and Signature",Interpreter's Contact Information,,5,Interpreter's Mobile Telephone Number (if any,,Int,
i485,Part 11.,"Interpreter's Contact Information, Certification, and Signature",Interpreter's Contact Information,,6,Interpreter's Email Address (if any),,Text,
i485,Part 11.,"Interpreter's Contact Information, Certification, and Signature","Interpreter's Certification- I certify, under penalty of perjury, that:. I am fluent in English and which is the same language specified in Part 10., Item Number 1.b., and I have read to this applicant in the identified language every question and instruction on this application and his or her answer to every question. The applicant informed me that he or she understands every instruction, question, and answer on the application, including the Applicant's Declaration and Certification, and has verified the accuracy of every answer.",,7.a.,Interpreter's Signature (sign in ink),,Text,
i485,Part 11.,"Interpreter's Contact Information, Certification, and Signature",Interpreter's Signature,,7.b.,Date of Signature (mm/dd/yyyy),,Print,
i485,Part 12.,"Contact Information, Declaration, and Signature of the Person Preparing this Application, if Other Than the Applicant",Preparer's Full Name,,1.a.,Preparer's Family Name (Last Name),,Date,
i485,Part 12.,"Contact Information, Declaration, and Signature of the Person Preparing this Application, if Other Than the Applicant",Preparer's Full Name,,1.b.,Preparer's Given Name (First Name),,Text,
i485,Part 12.,"Contact Information, Declaration, and Signature of the Person Preparing this Application, if Other Than the Applicant",Preparer's Full Name,,2,Preparer's Business or Organization Name (if any),,Text,
i485,Part 12.,"Contact Information, Declaration, and Signature of the Person Preparing this Application, if Other Than the Applicant",Preparer's Mailing Address,,3.a.,Street Number and Name,,Text,
i485,Part 12.,"Contact Information, Declaration, and Signature of the Person Preparing this Application, if Other Than the Applicant",Preparer's Mailing Address,,3.b.,"Apt., Ste., Flr.","Apt., Ste., Flr.",Checkbox,
i485,Part 12.,"Contact Information, Declaration, and Signature of the Person Preparing this Application, if Other Than the Applicant",Preparer's Mailing Address,,3.c.,City or Town,,Text,
i485,Part 12.,"Contact Information, Declaration, and Signature of the Person Preparing this Application, if Other Than the Applicant",Preparer's Mailing Address,,3.d.,State,,Text,
i485,Part 12.,"Contact Information, Declaration, and Signature of the Person Preparing this Application, if Other Than the Applicant",Preparer's Mailing Address,,3e.,Zip Code,,Int,
i485,Part 12.,"Contact Information, Declaration, and Signature of the Person Preparing this Application, if Other Than the Applicant",Preparer's Mailing Address,,3.f.,Province,,Text,
i485,Part 12.,"Contact Information, Declaration, and Signature of the Person Preparing this Application, if Other Than the Applicant",Preparer's Mailing Address,,3.g.,Postal Code,,Int,
i485,Part 12.,"Contact Information, Declaration, and Signature of the Person Preparing this Application, if Other Than the Applicant",Preparer's Mailing Address,,3.h.,Country,,Text,
i485,Part 12.,"Contact Information, Declaration, and Signature of the Person Preparing this Application, if Other Than the Applicant",Preparer's Mailing Address,,4,Preparer's Daytime Telephone Number,,Int,
i485,Part 12.,"Contact Information, Declaration, and Signature of the Person Preparing this Application, if Other Than the Applicant",Preparer's Mailing Address,,5,Preparer's Mobile Telephone Number (if any,,Int,
i485,Part 12.,"Contact Information, Declaration, and Signature of the Person Preparing this Application, if Other Than the Applicant",Preparer's Mailing Address,,6,Preparer's Email Address (if any),,Text,
i485,Part 12.,"Contact Information, Declaration, and Signature of the Person Preparing this Application, if Other Than the Applicant",Preparer's Statement,,7.a.,I am not an attorney or accredited representative but have prepared this application on behalf of the applicant and with the applicant's consent.,,Checkbox,
i485,Part 12.,"Contact Information, Declaration, and Signature of the Person Preparing this Application, if Other Than the Applicant","Preparer's Statement NOTE: If you are an attorney or accredited representative, you may be obliged to submit a completed Form G-28, Notice of Entry of Appearance as Attorney or Accredited Representative, with this application.",,7.b.,I am an attorney or accredited representative and my representation of the applicant in this case extends does not extend beyond the preparation of this application.,,Checkbox,
i485,Part 12.,"Contact Information, Declaration, and Signature of the Person Preparing this Application, if Other Than the Applicant","Preparer's Signature Preparer's Certification- By my signature, I certify, under penalty of perjury, that I prepared this application at the request of the applicant. The applicant then reviewed this completed application and informed me that he or she understands all of the information contained in, and submitted with, his or her application, including the Applicant's Declaration and Certification, and that all of this information is complete, true, and correct. I completed this application based only on information that the applicant provided to me or authorized me to obtain or use.",,8.a.,Preparer's Signature (sign in ink),,Print,
i485,Part 12.,"Contact Information, Declaration, and Signature of the Person Preparing this Application, if Other Than the Applicant",Preparer's Signature,,8.b.,Date of Signature (mm/dd/yyyy),,Date,
i485,Part 13.,Signature at Interview,"NOTE: Do not complete Part 13. until the USCIS Officer instructs you to do so at the interview. I swear (affirm) and certify under penalty of perjury under the laws of the United States of America that I know that the contents of this Form I-485, Application to Register Permanent Residence or Adjust Status, subscribed by me, including the corrections made to this application, numbered through , are complete, true, and correct. All additional pages submitted by me with this Form I-485, on numbered pages through are complete, true, and correct. All documents submitted at this interview were provided by me and are complete, true, and correct. Subscribed to and sworn to (affirmed) before me",,,USCIS Officer's Printed Name or Stamp,,Text,
i485,Part 13.,Signature at Interview,,,,Date of Signature (mm/dd/yyyy),,Date,
i485,Part 13.,Signature at Interview,,,,Applicant's Signature (sign in ink),,Print,
i485,Part 13.,Signature at Interview,,,,USCIS Officer's Signature (sign in ink),,Print,
i485,Part 14.,Additional Information,"If you need extra space to provide any additional information within this application, use the space below. If you need more space than what is provided, you may make copies of this page to complete and file with this application or attach a separate sheet of paper. Type or print your name and A-Number (if any) at the top of each sheet; indicate the Page Number, Part Number, and Item Number to which your answer refers; and sign and date each sheet.",,1.a.,Family Name (Last Name),,Text,
i485,Part 14.,Additional Information,"If you need extra space to provide any additional information within this application, use the space below. If you need more space than what is provided, you may make copies of this page to complete and file with this application or attach a separate sheet of paper. Type or print your name and A-Number (if any) at the top of each sheet; indicate the Page Number, Part Number, and Item Number to which your answer refers; and sign and date each sheet.",,1.b.,Given Name (First Name),,Text,
i485,Part 14.,Additional Information,"If you need extra space to provide any additional information within this application, use the space below. If you need more space than what is provided, you may make copies of this page to complete and file with this application or attach a separate sheet of paper. Type or print your name and A-Number (if any) at the top of each sheet; indicate the Page Number, Part Number, and Item Number to which your answer refers; and sign and date each sheet.",,1.c.,Middle Name,,Text,
i485,Part 14.,Additional Information,"If you need extra space to provide any additional information within this application, use the space below. If you need more space than what is provided, you may make copies of this page to complete and file with this application or attach a separate sheet of paper. Type or print your name and A-Number (if any) at the top of each sheet; indicate the Page Number, Part Number, and Item Number to which your answer refers; and sign and date each sheet.",,2,A-Number (if any),,Int,
i485,Part 14.,Additional Information,"If you need extra space to provide any additional information within this application, use the space below. If you need more space than what is provided, you may make copies of this page to complete and file with this application or attach a separate sheet of paper. Type or print your name and A-Number (if any) at the top of each sheet; indicate the Page Number, Part Number, and Item Number to which your answer refers; and sign and date each sheet.",,3.a.,Page Number,,Int,
i485,Part 14.,Additional Information,"If you need extra space to provide any additional information within this application, use the space below. If you need more space than what is provided, you may make copies of this page to complete and file with this application or attach a separate sheet of paper. Type or print your name and A-Number (if any) at the top of each sheet; indicate the Page Number, Part Number, and Item Number to which your answer refers; and sign and date each sheet.",,3.b.,Part Number,,Int,
i485,Part 14.,Additional Information,"If you need extra space to provide any additional information within this application, use the space below. If you need more space than what is provided, you may make copies of this page to complete and file with this application or attach a separate sheet of paper. Type or print your name and A-Number (if any) at the top of each sheet; indicate the Page Number, Part Number, and Item Number to which your answer refers; and sign and date each sheet.",,3.c.,Item Number,,Int,
i485,Part 14.,Additional Information,"If you need extra space to provide any additional information within this application, use the space below. If you need more space than what is provided, you may make copies of this page to complete and file with this application or attach a separate sheet of paper. Type or print your name and A-Number (if any) at the top of each sheet; indicate the Page Number, Part Number, and Item Number to which your answer refers; and sign and date each sheet.",,3.d.,,,Text,
i485,Part 14.,Additional Information,"If you need extra space to provide any additional information within this application, use the space below. If you need more space than what is provided, you may make copies of this page to complete and file with this application or attach a separate sheet of paper. Type or print your name and A-Number (if any) at the top of each sheet; indicate the Page Number, Part Number, and Item Number to which your answer refers; and sign and date each sheet.",,4.a.,Page Number,,Int,
i485,Part 14.,Additional Information,"If you need extra space to provide any additional information within this application, use the space below. If you need more space than what is provided, you may make copies of this page to complete and file with this application or attach a separate sheet of paper. Type or print your name and A-Number (if any) at the top of each sheet; indicate the Page Number, Part Number, and Item Number to which your answer refers; and sign and date each sheet.",,4.b.,Part Number,,Int,
i485,Part 14.,Additional Information,"If you need extra space to provide any additional information within this application, use the space below. If you need more space than what is provided, you may make copies of this page to complete and file with this application or attach a separate sheet of paper. Type or print your name and A-Number (if any) at the top of each sheet; indicate the Page Number, Part Number, and Item Number to which your answer refers; and sign and date each sheet.",,4.c.,Item Number,,Int,
i485,Part 14.,Additional Information,"If you need extra space to provide any additional information within this application, use the space below. If you need more space than what is provided, you may make copies of this page to complete and file with this application or attach a separate sheet of paper. Type or print your name and A-Number (if any) at the top of each sheet; indicate the Page Number, Part Number, and Item Number to which your answer refers; and sign and date each sheet.",,4.d.,,,Text,
i485,Part 14.,Additional Information,"If you need extra space to provide any additional information within this application, use the space below. If you need more space than what is provided, you may make copies of this page to complete and file with this application or attach a separate sheet of paper. Type or print your name and A-Number (if any) at the top of each sheet; indicate the Page Number, Part Number, and Item Number to which your answer refers; and sign and date each sheet.",,5.a.,Page Number,,Int,
i485,Part 14.,Additional Information,"If you need extra space to provide any additional information within this application, use the space below. If you need more space than what is provided, you may make copies of this page to complete and file with this application or attach a separate sheet of paper. Type or print your name and A-Number (if any) at the top of each sheet; indicate the Page Number, Part Number, and Item Number to which your answer refers; and sign and date each sheet.",,5.b.,Part Number,,Int,
i485,Part 14.,Additional Information,"If you need extra space to provide any additional information within this application, use the space below. If you need more space than what is provided, you may make copies of this page to complete and file with this application or attach a separate sheet of paper. Type or print your name and A-Number (if any) at the top of each sheet; indicate the Page Number, Part Number, and Item Number to which your answer refers; and sign and date each sheet.",,5.c.,Item Number,,Int,
i485,Part 14.,Additional Information,"If you need extra space to provide any additional information within this application, use the space below. If you need more space than what is provided, you may make copies of this page to complete and file with this application or attach a separate sheet of paper. Type or print your name and A-Number (if any) at the top of each sheet; indicate the Page Number, Part Number, and Item Number to which your answer refers; and sign and date each sheet.",,5.d.,,,Text,
i485,Part 14.,Additional Information,"If you need extra space to provide any additional information within this application, use the space below. If you need more space than what is provided, you may make copies of this page to complete and file with this application or attach a separate sheet of paper. Type or print your name and A-Number (if any) at the top of each sheet; indicate the Page Number, Part Number, and Item Number to which your answer refers; and sign and date each sheet.",,6.a.,Page Number,,Int,
i485,Part 14.,Additional Information,"If you need extra space to provide any additional information within this application, use the space below. If you need more space than what is provided, you may make copies of this page to complete and file with this application or attach a separate sheet of paper. Type or print your name and A-Number (if any) at the top of each sheet; indicate the Page Number, Part Number, and Item Number to which your answer refers; and sign and date each sheet.",,6.b.,Part Number,,Int,
i485,Part 14.,Additional Information,"If you need extra space to provide any additional information within this application, use the space below. If you need more space than what is provided, you may make copies of this page to complete and file with this application or attach a separate sheet of paper. Type or print your name and A-Number (if any) at the top of each sheet; indicate the Page Number, Part Number, and Item Number to which your answer refers; and sign and date each sheet.",,6.c.,Item Number,,Int,
i485,Part 14.,Additional Information,"If you need extra space to provide any additional information within this application, use the space below. If you need more space than what is provided, you may make copies of this page to complete and file with this application or attach a separate sheet of paper. Type or print your name and A-Number (if any) at the top of each sheet; indicate the Page Number, Part Number, and Item Number to which your answer refers; and sign and date each sheet.",,6.d.,,,Text,
i485,Part 14.,Additional Information,"If you need extra space to provide any additional information within this application, use the space below. If you need more space than what is provided, you may make copies of this page to complete and file with this application or attach a separate sheet of paper. Type or print your name and A-Number (if any) at the top of each sheet; indicate the Page Number, Part Number, and Item Number to which your answer refers; and sign and date each sheet.",,7.a.,Page Number,,Int,
i485,Part 14.,Additional Information,"If you need extra space to provide any additional information within this application, use the space below. If you need more space than what is provided, you may make copies of this page to complete and file with this application or attach a separate sheet of paper. Type or print your name and A-Number (if any) at the top of each sheet; indicate the Page Number, Part Number, and Item Number to which your answer refers; and sign and date each sheet.",,7.b.,Part Number,,Int,
i485,Part 14.,Additional Information,"If you need extra space to provide any additional information within this application, use the space below. If you need more space than what is provided, you may make copies of this page to complete and file with this application or attach a separate sheet of paper. Type or print your name and A-Number (if any) at the top of each sheet; indicate the Page Number, Part Number, and Item Number to which your answer refers; and sign and date each sheet.",,7.c.,Item Number,,Int,
i485,Part 14.,Additional Information,"If you need extra space to provide any additional information within this application, use the space below. If you need more space than what is provided, you may make copies of this page to complete and file with this application or attach a separate sheet of paper. Type or print your name and A-Number (if any) at the top of each sheet; indicate the Page Number, Part Number, and Item Number to which your answer refers; and sign and date each sheet.",,7.d.,,,Text,