collection_field,domain,biographical_category,reuse_category,form_mappings
Accommodation_applicant,unknown',unknown',,i485/Pt9Line2c_Accommodation[0]
Accommodation_unknown,unknown',unknown',,"i485/Pt9Line2a_Accommodation[0]
i485/Pt9Line2b_Accommodation[0]"
AdditionalInfo_unknown,unknown',unknown',,"i130/Pt9Line3d_AdditionalInfo[0]
i130/Pt9Line4d_AdditionalInfo[0]
i130/Pt9Line5d_AdditionalInfo[0]
i130/Pt9Line6d_AdditionalInfo[0]
i130/Pt9Line7d_AdditionalInfo[0]
i485/Pt14Line3d_AdditionalInfo[0]
i485/Pt14Line4d_AdditionalInfo[0]
i485/Pt14Line5d_AdditionalInfo[0]
i485/Pt14Line6d_AdditionalInfo[0]
i485/Pt14Line7d_AdditionalInfo[0]
i693/Pt11Line3d_AdditionalInfo[0]
i693/Pt11Line4d_AdditionalInfo[0]
i693/Pt11Line5d_AdditionalInfo[0]
i693/Pt11Line6d_AdditionalInfo[0]
i765/Pt6Line4d_AdditionalInfo[0]
i765/Pt6Line4d_AdditionalInfo[1]
i765/Pt6Line5d_AdditionalInfo[0]
i765/Pt6Line6d_AdditionalInfo[0]
i765/Pt6Line7d_AdditionalInfo[0]"
AdmissionEntry_applicant,immigration',contact_info',,i485/Pt1Line25a_AdmissionEntry[0]
AdoptedChild_applicant_children,unknown',family_info',,i130/Pt1Line2_AdoptedChild[0]
AlienNumber_applicant,immigration',unknown',,"i130/Pt2Line1_AlienNumber[0]
i130/Pt4Line1_AlienNumber[0]
i485/Pt1Line10_AlienNumber[2]
i485/Pt1Line8_AlienNumber[0]
i485/Pt5Line5_AlienNumber[0]"
AlienNumber_applicant_children,immigration',family_info',,"i485/Pt6Line13_AlienNumber[0]
i485/Pt6Line3_AlienNumber[0]
i485/Pt6Line8_AlienNumber[0]"
AlienNumber_unknown,immigration',unknown',,"i130/Pt2Line1_AlienNumber[1]
i485/Pt1Line10_AlienNumber[0]
i485/Pt1Line10_AlienNumber[10]
i485/Pt1Line10_AlienNumber[11]
i485/Pt1Line10_AlienNumber[12]
i485/Pt1Line10_AlienNumber[13]
i485/Pt1Line10_AlienNumber[14]
i485/Pt1Line10_AlienNumber[15]
i485/Pt1Line10_AlienNumber[16]
i485/Pt1Line10_AlienNumber[17]
i485/Pt1Line10_AlienNumber[18]
i485/Pt1Line10_AlienNumber[19]
i485/Pt1Line10_AlienNumber[1]
i485/Pt1Line10_AlienNumber[20]
i485/Pt1Line10_AlienNumber[21]
i485/Pt1Line10_AlienNumber[3]
i485/Pt1Line10_AlienNumber[4]
i485/Pt1Line10_AlienNumber[5]
i485/Pt1Line10_AlienNumber[6]
i485/Pt1Line10_AlienNumber[7]
i485/Pt1Line10_AlienNumber[8]
i485/Pt1Line10_AlienNumber[9]
i693/Pt1Line3e_AlienNumber[0]
i693/Pt1Line3e_AlienNumber[10]
i693/Pt1Line3e_AlienNumber[11]
i693/Pt1Line3e_AlienNumber[12]
i693/Pt1Line3e_AlienNumber[1]
i693/Pt1Line3e_AlienNumber[2]
i693/Pt1Line3e_AlienNumber[3]
i693/Pt1Line3e_AlienNumber[4]
i693/Pt1Line3e_AlienNumber[5]
i693/Pt1Line3e_AlienNumber[6]
i693/Pt1Line3e_AlienNumber[7]
i693/Pt1Line3e_AlienNumber[8]
i693/Pt1Line3e_AlienNumber[9]
i765/Line7_AlienNumber[0]"
Annulled_applicant,biographical',unknown',,i130/Pt2Line17_Annulled[0]
ApplicantFormOfID_applicant,immigration',unknown',,i693/Pt5Line1_ApplicantFormOfID[0]
ApplicantSignature_applicant,biographical',core_identity',,i693/Pt2Line6_ApplicantSignature[0]
AptSteFlrNumber_applicant,biographical',contact_info',,"i130/Pt2Line10_AptSteFlrNumber[0]
i130/Pt4Line11_AptSteFlrNumber[0]
i130/Pt4Line12b_AptSteFlrNumber[0]
i130/Pt4Line13_AptSteFlrNumber[0]
i130/Pt4Line26_AptSteFlrNumber[0]
i130/Pt4Line56_AptSteFlrNumber[0]
i130/Pt4Line57_AptSteFlrNumber[0]
i485/Pt12Line3_AptSteFlrNumber[0]
i485/Pt1Line12_AptSteFlrNumber[0]
i485/Pt1Line13_AptSteFlrNumber[0]
i485/Pt3Line12_AptSteFlrNumber[0]
i485/Pt3Line20_AptSteFlrNumber[0]
i485/Pt3Line5_AptSteFlrNumber[0]
i485/Pt3Line9_AptSteFlrNumber[0]
i693/Pt1Line2_AptSteFlrNumber[0]
i765/Pt2Line5_AptSteFlrNumber[0]
i765/Pt2Line7_AptSteFlrNumber[0]
i765/Pt6Line3b_AptSteFlrNumber[0]"
AptSteFlrNumber_applicant_address,biographical',contact_info',,"i130/Pt2Line12_AptSteFlrNumber[0]
i130/Pt2Line14_AptSteFlrNumber[0]
i485/Pt3Line7_AptSteFlrNumber[0]"
AptSteFlrNumber_applicant_employment,employment',unknown',,"i130/Pt2Line41_AptSteFlrNumber[0]
i130/Pt2Line45_AptSteFlrNumber[0]
i485/Pt3Line16_AptSteFlrNumber[0]"
AptSteFlrNumber_preparer,biographical',contact_info',,"i130/Pt7Line3_AptSteFlrNumber[0]
i130/Pt8Line3_AptSteFlrNumber[0]
i485/Pt11Line3_AptSteFlrNumber[0]
i765/Pt5Line3b_AptSteFlrNumber[0]"
AptSteFlrNumber_unknown,biographical',contact_info',,"i693/Pt7Line3_AptSteFlrNumber[0]
i693/Pt7Line4_AptSteFlrNumber[0]
i693/Pt9Line2_AptSteFlrNumber[0]"
ArrivalDeparture_applicant,unknown',contact_info',,i130/Pt4Line21b_ArrivalDeparture[0]
AttorneyStateBarNumber_preparer_address,office',contact_info',preparer_info,"i130/AttorneyStateBarNumber[0]
i485/AttorneyStateBarNumber[0]"
BarCode_unknown,office',unknown',,"i130/PDF417BarCode1[0]
i485/PDF417BarCode1[0]
i693/PDF417BarCode2[0]
i765/PDF417BarCode1[0]"
Blind_applicant,unknown',unknown',,i485/Pt9Line2b_Blind[0]
BusinessName_applicant,biographical',core_identity',,"i485/Pt12Line2_BusinessName[0]
i765/Pt5Line2_BusinessName[0]"
BusinessName_preparer,biographical',core_identity',,i130/Pt8Line2_BusinessName[0]
CB_applicant,immigration',contact_info',,"i485/Pt1Line25a_CB[0]
i485/Pt1Line25b_CB[0]
i485/Pt1Line25c_CB[0]
i485/Pt1Line25d_CB[0]
i485/Pt2Line1_CB[0]
i485/Pt2Line1_CB[10]
i485/Pt2Line1_CB[11]
i485/Pt2Line1_CB[12]
i485/Pt2Line1_CB[13]
i485/Pt2Line1_CB[14]
i485/Pt2Line1_CB[15]
i485/Pt2Line1_CB[16]
i485/Pt2Line1_CB[17]
i485/Pt2Line1_CB[18]
i485/Pt2Line1_CB[19]
i485/Pt2Line1_CB[1]
i485/Pt2Line1_CB[20]
i485/Pt2Line1_CB[21]
i485/Pt2Line1_CB[22]
i485/Pt2Line1_CB[23]
i485/Pt2Line1_CB[24]
i485/Pt2Line1_CB[25]
i485/Pt2Line1_CB[26]
i485/Pt2Line1_CB[2]
i485/Pt2Line1_CB[3]
i485/Pt2Line1_CB[4]
i485/Pt2Line1_CB[5]
i485/Pt2Line1_CB[6]
i485/Pt2Line1_CB[7]
i485/Pt2Line1_CB[8]
i485/Pt2Line1_CB[9]
i485/Pt2Line2_CB[0]
i485/Pt2Line2_CB[1]
i485/Pt8Line63_CB[0]
i485/Pt8Line63_CB[1]
i485/Pt8Line63_CB[2]
i485/Pt8Line63_CB[3]
i485/Pt8Line63_CB[4]
i485/Pt8Line64_CB[0]
i485/Pt8Line64_CB[1]
i485/Pt8Line64_CB[2]
i485/Pt8Line64_CB[3]
i485/Pt8Line64_CB[4]
i485/Pt8Line65_CB[0]
i485/Pt8Line65_CB[1]
i485/Pt8Line65_CB[2]
i485/Pt8Line65_CB[3]
i485/Pt8Line65_CB[4]
i485/Pt8Line66_CB[0]
i485/Pt8Line66_CB[1]
i485/Pt8Line66_CB[2]
i485/Pt8Line66_CB[3]
i485/Pt8Line66_CB[4]
i485/Pt8Line66_CB[6]
i485/Pt8Line66_CB[7]
i485/Pt8Line66_CB[8]"
CB_unknown,unknown',unknown',,i485/Pt8Line66_CB[5]
CertificateNumber_applicant,unknown',unknown',,i130/Pt2Line37a_CertificateNumber[0]
CheckBox13_unknown,medical',unknown',,i693/Pt10Line13_CheckBox13[0]
CheckBox1_preparer,office',unknown',,"i130/CheckBox1[0]
i485/CheckBox1[0]
i765/CheckBox1[0]"
Checkbox_No_applicant,unknown',core_identity',,i765/Line14_Checkbox_No[0]
Checkbox_Yes_applicant,unknown',core_identity',,i765/Line14_Checkbox_Yes[0]
Checkbox_applicant,biographical',core_identity',,"i130/Pt6Line2_Checkbox[0]
i130/Pt8Line7_Checkbox[0]
i130/Pt8Line7_Checkbox[1]
i130/Pt8Line7b_Checkbox[0]
i130/Pt8Line7b_Checkbox[1]
i485/Part12Line7_Checkbox[0]
i485/Part12Line7_Checkbox[1]
i765/Line10_Checkbox[0]
i765/Line10_Checkbox[1]
i765/Line10_Checkbox[2]
i765/Line10_Checkbox[3]
i765/Line12a_Checkbox[0]
i765/Line12a_Checkbox[1]
i765/Line13_Checkbox[0]
i765/Line13_Checkbox[1]
i765/Line19_Checkbox[0]
i765/Line19_Checkbox[1]
i765/Line9_Checkbox[0]
i765/Line9_Checkbox[1]
i765/Part2Line5_Checkbox[0]
i765/Part2Line5_Checkbox[1]
i765/Part5Line7_Checkbox[0]
i765/Part5Line7_Checkbox[1]
i765/Part5Line7b_Checkbox[0]
i765/Part5Line7b_Checkbox[1]
i765/Pt4Line6_Checkbox[0]"
Child_applicant_children,unknown',family_info',,i130/Pt1Line1_Child[0]
CityOrTown_applicant_address,biographical',contact_info',,"i130/Pt2Line10_CityOrTown[0]
i130/Pt2Line12_CityOrTown[0]
i130/Pt2Line14_CityOrTown[0]
i130/Pt2Line40d_CityOrTown[0]
i130/Pt4Line11_CityOrTown[0]
i130/Pt4Line12c_CityOrTown[0]
i130/Pt4Line13_CityOrTown[0]
i130/Pt4Line26_CityOrTown[0]
i130/Pt4Line55a_CityOrTown[0]
i130/Pt4Line56_CityOrTown[0]
i130/Pt4Line57_CityOrTown[0]
i130/Pt4Line60a_CityOrTown[0]
i130/Pt4Line61a_CityOrTown[0]
i485/Pt12Line3_CityOrTown[0]
i485/Pt1Line12_CityOrTown[0]
i485/Pt1Line13_CityOrTown[0]
i485/Pt1Line6_CityOrTown[0]
i485/Pt3Line12_CityOrTown[0]
i485/Pt3Line20_CityOrTown[0]
i485/Pt3Line5_CityOrTown[0]
i485/Pt3Line7_CityOrTown[0]
i485/Pt3Line9_CityOrTown[0]
i693/P1Line2_CityOrTown[0]
i765/Pt2Line5_CityOrTown[0]
i765/Pt2Line7_CityOrTown[0]
i765/Pt6Line3c_CityOrTown[0]"
CityOrTown_applicant_employment,employment',contact_info',,"i130/Pt2Line41_CityOrTown[0]
i130/Pt2Line45_CityOrTown[0]
i485/Pt3Line16_CityOrTown[0]"
CityOrTown_preparer_address,biographical',contact_info',,"i130/Pt7Line3_CityOrTown[0]
i130/Pt8Line3_CityOrTown[0]
i485/Pt11Line3_CityOrTown[0]
i765/Pt5Line3c_CityOrTown[0]"
CityOrTown_unknown_address,unknown',contact_info',,"i130/Pt5Line3a_CityOrTown[0]
i693/Pt7Line3_CityOrTown[0]
i693/Pt7Line4_CityOrTown[0]
i693/Pt9Line2_CityOrTown[0]"
CityTownOfBirth_applicant_address,biographical',core_identity',,"i130/Pt2Line6_CityTownOfBirth[0]
i130/Pt4Line7_CityTownOfBirth[0]
i765/Line18a_CityTownOfBirth[0]
i765/Line18b_CityTownOfBirth[0]"
CityTownOrVillageOfResidence_applicant_address,unknown',contact_info',,"i130/Pt2Line28_CityTownOrVillageOfResidence[0]
i130/Pt2Line34_CityTownOrVillageOfResidence[0]"
CityTownVillageofBirth_applicant_address,biographical',core_identity',,i693/Pt1Line3_CityTownVillageofBirth[0]
CityTown_applicant_address,unknown',contact_info',,"i130/Pt2Line19a_CityTown[0]
i130/Pt4Line20a_CityTown[0]
i485/Pt1Line23a_CityTown[0]
i485/Pt4Line13_CityTown[0]
i485/Pt4Line15_CityTown[0]
i485/Pt4Line5_CityTown[0]
i485/Pt4Line7_CityTown[0]
i485/Pt5Line14a_CityTown[0]
i485/Pt5Line16a_CityTown[0]
i485/Pt5Line8a_CityTown[0]
i485/Pt5Line9a_CityTown[0]"
CityTown_unknown_address,unknown',contact_info',,"i485/Pt8Line11a_CityTown[0]
i485/Pt8Line3a_CityTown[0]
i485/Pt8Line8a_CityTown[0]"
City_applicant_address,unknown',contact_info',,i485/Pt3Line2a_City[0]
CivilSurgeonID_unknown,medical',contact_info',,i693/Pt7Line1_CivilSurgeonID[0]
CivilSurgeonSignature_unknown,office',contact_info',,i693/Pt7Line7_CivilSurgeonSignature[0]
ClassOfAdmission_applicant,unknown',unknown',,"i130/Pt2Line40a_ClassOfAdmission[0]
i130/Pt4Line21a_ClassOfAdmission[0]"
Column1Row1_applicant,unknown',unknown',,"i485/Pt8Line68c_Column1Row1[0]
i485/Pt8Line68d_Column1Row1[0]"
Column1Row2_applicant,unknown',unknown',,"i485/Pt8Line68c_Column1Row2[0]
i485/Pt8Line68d_Column1Row2[0]"
Column1Row3_applicant,unknown',unknown',,"i485/Pt8Line68c_Column1Row3[0]
i485/Pt8Line68d_Column1Row3[0]"
Column1Row4_applicant,unknown',unknown',,"i485/Pt8Line68c_Column1Row4[0]
i485/Pt8Line68d_Column1Row4[0]"
Column2Row1_applicant,unknown',unknown',,"i485/Pt8Line68c_Column2Row1[0]
i485/Pt8Line68d_Column2Row1[0]"
Column2Row2_applicant,unknown',unknown',,"i485/Pt8Line68c_Column2Row2[0]
i485/Pt8Line68d_Column2Row2[0]"
Column2Row3_applicant,unknown',unknown',,"i485/Pt8Line68c_Column2Row3[0]
i485/Pt8Line68d_Column2Row3[0]"
Column2Row4_applicant,unknown',unknown',,"i485/Pt8Line68c_Column2Row4[0]
i485/Pt8Line68d_Column2Row4[0]"
Column3Row1_applicant,unknown',unknown',,"i485/Pt8Line68c_Column3Row1[0]
i485/Pt8Line68d_Column3Row1[0]"
Column3Row2_applicant,unknown',unknown',,"i485/Pt8Line68c_Column3Row2[0]
i485/Pt8Line68d_Column3Row2[0]"
Column3Row3_applicant,unknown',unknown',,"i485/Pt8Line68c_Column3Row3[0]
i485/Pt8Line68d_Column3Row3[0]"
Column3Row4_applicant,unknown',unknown',,"i485/Pt8Line68c_Column3Row4[0]
i485/Pt8Line68d_Column3Row4[0]"
Column4Row1_applicant,unknown',unknown',,"i485/Pt8Line68c_Column4Row1[0]
i485/Pt8Line68d_Column4Row1[0]"
Column4Row2_applicant,unknown',unknown',,"i485/Pt8Line68c_Column4Row2[0]
i485/Pt8Line68d_Column4Row2[0]"
Column4Row3_applicant,unknown',unknown',,"i485/Pt8Line68c_Column4Row3[0]
i485/Pt8Line68d_Column4Row3[0]"
Column4Row4_applicant,unknown',unknown',,"i485/Pt8Line68c_Column4Row4[0]
i485/Pt8Line68d_Column4Row4[0]"
CompleteSeries_unknown,biographical',core_identity',,"i693/Pt10Line13_CompleteSeries[0]
i693/Pt10Line1_CompleteSeries[0]
i693/Pt10Line1_CompleteSeries[1]
i693/Pt10Line1_CompleteSeries[2]
i693/Pt10Line1_CompleteSeries[3]
i693/Pt10Line1_CompleteSeries[4]
i693/Pt10Line1_CompleteSeries[5]
i693/Pt10Line1_CompleteSeries[6]
i693/Pt10Line1_CompleteSeries[7]
i693/Pt7Line1_CompleteSeries[0]"
ContraCheckBox10_unknown,medical',unknown',,i693/Pt10Line10_ContraCheckBox10[0]
ContraCheckBox11_unknown,medical',unknown',,i693/Pt10Line11_ContraCheckBox11[0]
ContraCheckBox12_unknown,medical',unknown',,"i693/Pt10Line12_ContraCheckBox12[0]
i693/Pt10Line13_ContraCheckBox12[0]"
ContraCheckBox1_unknown,medical',unknown',,i693/Pt10Line1_ContraCheckBox1[0]
ContraCheckBox3_unknown,medical',unknown',,i693/Pt10Line3_ContraCheckBox3[0]
ContraCheckBox4_unknown,medical',unknown',,i693/Pt10Line4_ContraCheckBox4[0]
ContraCheckBox5_unknown,medical',unknown',,i693/Pt10Line5_ContraCheckBox5[0]
ContraCheckBox6_unknown,medical',unknown',,i693/Pt10Line6_ContraCheckBox6[0]
ContraCheckBox7_unknown,medical',unknown',,i693/Pt10Line7_ContraCheckBox7[0]
ContraCheckBox8_unknown,medical',unknown',,i693/Pt10Line8_ContraCheckBox8[0]
ContraCheckBox9_unknown,medical',unknown',,i693/Pt10Line9_ContraCheckBox9[0]
CountryOfBirth_applicant,biographical',core_identity',,"i130/Pt4Line37_CountryOfBirth[0]
i130/Pt4Line41_CountryOfBirth[0]
i130/Pt4Line45_CountryOfBirth[0]
i130/Pt4Line49_CountryOfBirth[0]
i130/Pt4Line49_CountryOfBirth[1]
i130/Pt4Line8_CountryOfBirth[0]
i765/Line17a_CountryOfBirth[0]
i765/Line17b_CountryOfBirth[0]
i765/Line18c_CountryOfBirth[0]"
CountryOfIssuance_applicant,immigration',unknown',,"i130/Pt4Line24_CountryOfIssuance[0]
i765/Line20d_CountryOfIssuance[0]"
CountryOfResidence_applicant,unknown',family_info',,"i130/Pt2Line29_CountryOfResidence[0]
i130/Pt2Line35_CountryOfResidence[0]"
Country_applicant,biographical',contact_info',,"i130/Pt2Line10_Country[0]
i130/Pt2Line19d_Country[0]
i130/Pt4Line11_Country[0]
i130/Pt4Line13_Country[0]
i130/Pt4Line20d_Country[0]
i130/Pt4Line26_Country[0]
i130/Pt4Line56_Country[0]
i130/Pt4Line57_Country[0]
i130/Pt4Line61c_Country[0]
i485/Pt12Line3_Country[0]
i485/Pt3Line12_Country[0]
i485/Pt3Line20_Country[0]
i485/Pt3Line2b_Country[0]
i485/Pt3Line5_Country[0]
i485/Pt3Line9_Country[0]
i485/Pt4Line14_Country[0]
i485/Pt4Line16_Country[0]
i485/Pt4Line6_Country[0]
i485/Pt4Line8_Country[0]
i485/Pt5Line14c_Country[0]
i485/Pt5Line16c_Country[0]
i485/Pt5Line8c_Country[0]
i485/Pt5Line9c_Country[0]
i693/P1Line2_Country[0]
i765/Pt6Line3h_Country[0]"
Country_applicant_address,biographical',contact_info',,"i130/Pt2Line12_Country[0]
i130/Pt2Line14_Country[0]
i485/Pt3Line7_Country[0]"
Country_applicant_children,biographical',core_identity',,"i485/Pt6Line10_Country[0]
i485/Pt6Line15_Country[0]
i485/Pt6Line6_Country[0]"
Country_applicant_employment,employment',unknown',,"i130/Pt2Line41_Country[0]
i130/Pt2Line45_Country[0]
i485/Pt3Line16_Country[0]"
Country_preparer,biographical',contact_info',,"i130/Pt7Line3_Country[0]
i130/Pt8Line3_Country[0]
i485/Pt11Line3_Country[0]
i765/Pt5Line3h_Country[0]"
Country_unknown,unknown',unknown',,"i485/Pt8Line11c_Country[0]
i485/Pt8Line3c_Country[0]
i485/Pt8Line7c_Country[0]"
CountryofBirth_applicant,biographical',core_identity',,"i130/Pt2Line27_CountryofBirth[0]
i130/Pt2Line33_CountryofBirth[0]
i130/Pt2Line7_CountryofBirth[0]
i485/Pt1Line8_CountryofBirth[0]
i693/Pt1Line3_CountryofBirth[0]"
CountryofCitizenship_applicant,biographical',core_identity',,i485/Pt1Line9_CountryofCitizenship[0]
CurrentStatus_applicant,immigration',contact_info',,i765/Line24_CurrentStatus[0]
DOB_applicant,biographical',core_identity',personal_info,i765/Line19_DOB[0]
DTCompleteSeries_unknown,unknown',unknown',,i693/Pt10Line1_DTCompleteSeries[0]
DTDateGiven_unknown,unknown',unknown',,i693/Pt10Line1_DTDateGiven[0]
DTDateReceived1_unknown,unknown',unknown',,i693/Pt10Line1_DTDateReceived1[0]
DTDateReceived2_unknown,unknown',unknown',,i693/Pt10Line1_DTDateReceived2[0]
DTDateReceived3_unknown,unknown',unknown',,i693/Pt10Line1_DTDateReceived3[0]
DTDateReceived4_unknown,unknown',unknown',,i693/Pt10Line1_DTDateReceived4[0]
DateEmploymentBegan_applicant,employment',unknown',,i130/Pt4Line27_DateEmploymentBegan[0]
DateExpired_applicant,immigration',contact_info',,i130/Pt4Line21d_DateExpired[0]
DateFiled_unknown,unknown',unknown',,i130/Pt5Line4_DateFiled[0]
DateFrom_applicant,unknown',unknown',,"i130/Pt4Line58a_DateFrom[0]
i485/Pt3Line10a_DateFrom[0]
i485/Pt3Line14a_DateFrom[0]
i485/Pt3Line22a_DateFrom[0]"
DateFrom_applicant_address,biographical',contact_info',,"i130/Pt2Line13a_DateFrom[0]
i130/Pt2Line15a_DateFrom[0]
i485/Pt3Line8a_DateFrom[0]"
DateFrom_applicant_employment,employment',unknown',,"i130/Pt2Line43a_DateFrom[0]
i130/Pt2Line47a_DateFrom[0]
i485/Pt3Line18a_DateFrom[0]"
DateFrom_unknown,unknown',unknown',,"i485/Pt8Line13a_DateFrom[0]
i485/Pt8Line5a_DateFrom[0]
i485/Pt8Line9a_DateFrom[0]"
DateGiven_1_unknown,unknown',unknown',,"i693/Pt10Line10_DateGiven_1[0]
i693/Pt10Line11_DateGiven_1[0]
i693/Pt10Line12_DateGiven_1[0]
i693/Pt10Line13_DateGiven_1[0]
i693/Pt10Line3_DateGiven_1[0]
i693/Pt10Line4_DateGiven_1[0]
i693/Pt10Line5_DateGiven_1[0]
i693/Pt10Line7_DateGiven_1[0]
i693/Pt10Line8_DateGiven_1[0]
i693/Pt10Line9_DateGiven_1[0]"
DateMarriageEnded_applicant_family,biographical',core_identity',,"i130/Pt2Line21_DateMarriageEnded[0]
i130/Pt2Line23_DateMarriageEnded[0]
i130/Pt4Line17_DateMarriageEnded[0]
i130/Pt4Line17_DateMarriageEnded[1]"
DateOfAdmission_applicant,unknown',unknown',,i130/Pt2Line40b_DateOfAdmission[0]
DateOfArrival_applicant,unknown',contact_info',,i130/Pt4Line21c_DateOfArrival[0]
DateOfBirth_applicant,biographical',core_identity',personal_info,"i130/Pt4Line32_DateOfBirth[0]
i130/Pt4Line36_DateOfBirth[0]
i130/Pt4Line40_DateOfBirth[0]
i130/Pt4Line44_DateOfBirth[0]
i130/Pt4Line48_DateOfBirth[0]
i130/Pt4Line9_DateOfBirth[0]
i693/Pt1Line3_DateOfBirth[0]"
DateOfIssuance_applicant,unknown',unknown',,i130/Pt2Line37c_DateOfIssuance[0]
DateOfLastEntry_applicant,unknown',contact_info',,i765/Line21_DateOfLastEntry[0]
DateOfMarriage_applicant_family,biographical',marital_status',,"i130/Pt2Line18_DateOfMarriage[0]
i130/Pt4Line19_DateOfMarriage[0]"
DateReceived_1_unknown,unknown',unknown',,"i693/Pt10Line10a_DateReceived_1[0]
i693/Pt10Line11a_DateReceived_1[0]
i693/Pt10Line12a_DateReceived_1[0]
i693/Pt10Line13a_DateReceived_1[0]
i693/Pt10Line3a_DateReceived_1[0]
i693/Pt10Line4a_DateReceived_1[0]
i693/Pt10Line5a_DateReceived_1[0]
i693/Pt10Line7a_DateReceived_1[0]
i693/Pt10Line8a_DateReceived_1[0]
i693/Pt10Line9a_DateReceived_1[0]"
DateReceived_2_unknown,unknown',unknown',,"i693/Pt10Line10b_DateReceived_2[0]
i693/Pt10Line11b_DateReceived_2[0]
i693/Pt10Line12b_DateReceived_2[0]
i693/Pt10Line13b_DateReceived_2[0]
i693/Pt10Line3b_DateReceived_2[0]
i693/Pt10Line4b_DateReceived_2[0]
i693/Pt10Line5b_DateReceived_2[0]
i693/Pt10Line7b_DateReceived_2[0]
i693/Pt10Line8b_DateReceived_2[0]
i693/Pt10Line9b_DateReceived_2[0]"
DateReceived_3_unknown,unknown',unknown',,"i693/Pt10Line10c_DateReceived_3[0]
i693/Pt10Line11c_DateReceived_3[0]
i693/Pt10Line12c_DateReceived_3[0]
i693/Pt10Line13c_DateReceived_3[0]
i693/Pt10Line3c_DateReceived_3[0]
i693/Pt10Line4c_DateReceived_3[0]
i693/Pt10Line5c_DateReceived_3[0]
i693/Pt10Line7c_DateReceived_3[0]
i693/Pt10Line8c_DateReceived_3[0]
i693/Pt10Line9c_DateReceived_3[0]"
DateReceived_4_unknown,unknown',unknown',,"i693/Pt10Line10d_DateReceived_4[0]
i693/Pt10Line11d_DateReceived_4[0]
i693/Pt10Line12d_DateReceived_4[0]
i693/Pt10Line13d_DateReceived_4[0]
i693/Pt10Line3d_DateReceived_4[0]
i693/Pt10Line4d_DateReceived_4[0]
i693/Pt10Line5d_DateReceived_4[0]
i693/Pt10Line7d_DateReceived_4[0]
i693/Pt10Line8d_DateReceived_4[0]
i693/Pt10Line9d_DateReceived_4[0]"
DateSigned_unknown,medical',unknown',,i693/Pt9Line3_DateSigned[0]
DateTo_applicant,unknown',unknown',,"i130/Pt4Line58b_DateTo[0]
i485/Pt3Line10a_DateTo[0]
i485/Pt3Line14b_DateTo[0]
i485/Pt3Line22a_DateTo[0]"
DateTo_applicant_address,biographical',contact_info',,"i130/Pt2Line13b_DateTo[0]
i130/Pt2Line15b_DateTo[0]
i485/Pt3Line8b_DateTo[0]"
DateTo_applicant_employment,employment',unknown',,"i130/Pt2Line43b_DateTo[0]
i130/Pt2Line47b_DateTo[0]
i485/Pt3Line18a_DateTo[0]"
DateTo_unknown,unknown',unknown',,"i485/Pt8Line13b_DateTo[0]
i485/Pt8Line5b_DateTo[0]
i485/Pt8Line9b_DateTo[0]"
Date_applicant,unknown',unknown',,"i130/Pt4Line56_Date[0]
i485/Pt10Line6b_Date[0]
i485/Pt1Line24_Date[0]
i485/Pt1Line26b_Date[0]
i485/Pt2Line4_Date[0]
i485/Pt2Line7_Date[0]
i485/Pt2Line9_Date[0]
i485/Pt3Line4_Date[0]
i485/Pt3Line6a_Date[0]
i485/Pt3Line6b_Date[0]
i485/Pt5Line13_Date[0]
i485/Pt5Line15_Date[0]
i485/Pt5Line7_Date[0]"
DateoExam_applicant,medical',unknown',,i693/Pt6Line2_DateoExam[0]
DateofBirth_applicant,biographical',core_identity',personal_info,"i130/Pt2Line25_DateofBirth[0]
i130/Pt2Line31_DateofBirth[0]
i130/Pt2Line8_DateofBirth[0]
i485/Pt1Line5_DateofBirth[0]
i485/Pt4Line11_DateofBirth[0]
i485/Pt4Line3_DateofBirth[0]
i485/Pt5Line12_DateofBirth[0]
i485/Pt5Line6_DateofBirth[0]"
DateofBirth_applicant_children,biographical',core_identity',personal_info,"i485/Pt6Line14_DateofBirth[0]
i485/Pt6Line4_DateofBirth[0]
i485/Pt6Line9_DateofBirth[0]"
DateofExam1_unknown,medical',unknown',,i693/Pt6Line3_DateofExam1[0]
DateofExam2_unknown,medical',unknown',,i693/Pt6Line3_DateofExam2[0]
DateofExam3_unknown,medical',unknown',,i693/Pt6Line3_DateofExam3[0]
DateofSignature_applicant,office',contact_info',,"i485/Pt12Line8b_DateofSignature[0]
i693/Pt2Line6_DateofSignature[0]
i693/Pt4Line8_DateofSignature[0]
i765/Pt3Line7b_DateofSignature[0]
i765/Pt5Line8b_DateofSignature[0]"
DateofSignature_preparer,office',contact_info',,"i130/Pt7Line7b_DateofSignature[0]
i130/Pt8Line8b_DateofSignature[0]
i485/Pt11Line7b_DateofSignature[0]
i693/Pt3Line7_DateofSignature[0]
i765/Pt4Line6b_DateofSignature[0]"
DateofSignature_unknown,office',contact_info',,"i130/Pt6Line6b_DateofSignature[0]
i693/Pt7Line8_DateofSignature[0]"
DayPhone_preparer,biographical',contact_info',contact_info,i485/Pt11Line4_DayPhone[0]
DaytimePhoneNumber1_applicant,biographical',contact_info',contact_info,"i485/Pt12Line4_DaytimePhoneNumber1[0]
i765/Pt3Line3_DaytimePhoneNumber1[0]
i765/Pt5Line4_DaytimePhoneNumber1[0]"
DaytimePhoneNumber_applicant,biographical',contact_info',contact_info,i130/Pt4Line14_DaytimePhoneNumber[0]
DaytimePhoneNumber_preparer,biographical',contact_info',contact_info,"i130/Pt4Line53_DaytimePhoneNumber[0]
i130/Pt8Line4_DaytimePhoneNumber[0]"
DaytimePhoneNumber_unknown,biographical',contact_info',contact_info,i130/Pt6Line3_DaytimePhoneNumber[0]
DaytimePhone_applicant,biographical',contact_info',contact_info,"i485/Pt10Line3_DaytimePhone[0]
i693/Pt2Line3_DaytimePhone[0]
i693/Pt4Line3_DaytimePhone[0]"
DaytimePhone_preparer,biographical',contact_info',contact_info,i693/Pt3Line4_DaytimePhone[0]
DaytimePhone_unknown,biographical',contact_info',contact_info,"i693/Pt7Line5_DaytimePhone[0]
i693/Pt9Line5_DaytimePhone[0]"
Deaf_applicant,unknown',unknown',,i485/Pt9Line2a_Deaf[0]
Decision_applicant,unknown',unknown',,i485/Pt3Line3_Decision[0]
Degree_applicant,unknown',education',,i765/Line27a_Degree[0]
Divorced_applicant_family,biographical',marital_status',,i130/Pt2Line17_Divorced[0]
ElisAccountNumber_applicant,unknown',unknown',,i765/Line8_ElisAccountNumber[0]
EmailAddress_applicant,biographical',contact_info',contact_info,"i130/Pt4Line16_EmailAddress[0]
i693/Pt2Line5_EmailAddress[0]
i693/Pt4Line5_EmailAddress[0]"
EmailAddress_preparer,biographical',contact_info',contact_info,i693/Pt3Line6_EmailAddress[0]
EmailAddress_unknown,biographical',contact_info',contact_info,i693/Pt7Line7_EmailAddress[0]
Email_applicant,biographical',contact_info',contact_info,"i485/Pt10Line5_Email[0]
i485/Pt12Line6_Email[0]
i765/Pt3Line5_Email[0]
i765/Pt5Line6_Email[0]"
Email_preparer,biographical',contact_info',contact_info,"i130/Pt7Line5_Email[0]
i130/Pt8Line6_Email[0]
i485/Pt11Line6_Email[0]
i765/Pt4Line6_Email[0]"
Email_unknown,biographical',contact_info',contact_info,i130/Pt6Line5_Email[0]
EmployerName_applicant_employment,biographical',core_identity',,"i485/Pt3Line11_EmployerName[0]
i485/Pt3Line13_EmployerName[0]
i485/Pt3Line17_EmployerName[0]
i485/Pt3Line19_EmployerName[0]
i485/Pt3Line20_EmployerName[0]
i485/Pt3Line4a_EmployerName[0]"
EmployerOrCompName_applicant_employment,biographical',core_identity',,i130/Pt2Line40_EmployerOrCompName[0]
EmployerOrOrgName_applicant_employment,biographical',core_identity',,i130/Pt2Line44_EmployerOrOrgName[0]
English_applicant,biographical',core_identity',,"i485/Pt10Line1_English[0]
i485/Pt10Line1_English[1]"
Ethnicity_applicant_address,unknown',contact_info',,i130/Pt3Line1_Ethnicity[1]
Ethnicity_unknown_address,unknown',contact_info',,"i130/Pt3Line1_Ethnicity[0]
i485/Pt7Line1_Ethnicity[0]
i485/Pt7Line1_Ethnicity[1]"
EverifyIDNumber_applicant,employment',unknown',,i765/Line27c_EverifyIDNumber[0]
Everify_applicant,biographical',core_identity',,i765/Line27b_Everify[0]
Exclusion_applicant,unknown',unknown',,i130/Pt4Line54_Exclusion[0]
ExpDate_applicant,immigration',unknown',,"i130/Pt4Line25_ExpDate[0]
i485/Pt1Line20_ExpDate[0]
i765/Line20e_ExpDate[0]"
Extend_applicant,office',contact_info',,i485/Part12Line7b_Extend[0]
EyeColor_unknown,unknown',unknown',,"i130/Pt3Line5_EyeColor[0]
i130/Pt3Line5_EyeColor[1]
i130/Pt3Line5_EyeColor[2]
i130/Pt3Line5_EyeColor[3]
i130/Pt3Line5_EyeColor[4]
i130/Pt3Line5_EyeColor[5]
i130/Pt3Line5_EyeColor[6]
i130/Pt3Line5_EyeColor[7]
i130/Pt3Line5_EyeColor[8]"
Eyecolor_unknown,unknown',unknown',,"i485/Pt7Line5_Eyecolor[0]
i485/Pt7Line5_Eyecolor[1]
i485/Pt7Line5_Eyecolor[2]
i485/Pt7Line5_Eyecolor[3]
i485/Pt7Line5_Eyecolor[4]
i485/Pt7Line5_Eyecolor[5]
i485/Pt7Line5_Eyecolor[6]
i485/Pt7Line5_Eyecolor[7]
i485/Pt7Line5_Eyecolor[8]"
FamilyName_applicant,biographical',core_identity',personal_info,"i130/P4Line5a_FamilyName[0]
i130/Pt2Line24_FamilyName[0]
i130/Pt2Line30a_FamilyName[0]
i130/Pt2Line4a_FamilyName[0]
i130/Pt2Line4a_FamilyName[1]
i130/Pt2Line5a_FamilyName[0]
i130/Pt4Line16a_FamilyName[0]
i130/Pt4Line30a_FamilyName[0]
i130/Pt4Line34a_FamilyName[0]
i130/Pt4Line38a_FamilyName[0]
i130/Pt4Line42a_FamilyName[0]
i130/Pt4Line46a_FamilyName[0]
i130/Pt4Line4a_FamilyName[0]
i130/Pt4Line55a_FamilyName[0]
i130/Pt4Line6a_FamilyName[0]
i130/Pt5Line2a_FamilyName[0]
i130/PtLine20a_FamilyName[0]
i485/Pt1Line1a_FamilyName[0]
i485/Pt1Line1a_FamilyName[1]
i485/Pt1Line28a_FamilyName[0]
i485/Pt1Line2a_FamilyName[0]
i485/Pt1Line3a_FamilyName[0]
i485/Pt1Line4a_FamilyName[0]
i485/Pt2Line5a_FamilyName[0]
i485/Pt4Line10a_FamilyName[0]
i485/Pt4Line1a_FamilyName[0]
i485/Pt4Line2a_FamilyName[0]
i485/Pt4Line9a_FamilyName[0]
i485/Pt5Line4a_FamilyName[0]
i693/Pt1Line1a_FamilyName[12]
i693/Pt7Line1_FamilyName[0]
i693/Pt9Line1_FamilyName[0]
i765/Line15a_FamilyName[0]
i765/Line16a_FamilyName[0]
i765/Line1a_FamilyName[0]
i765/Line2a_FamilyName[0]
i765/Line3a_FamilyName[0]
i765/Line3a_FamilyName[1]"
FamilyName_applicant_children,biographical',core_identity',personal_info,"i485/Pt6Line12a_FamilyName[0]
i485/Pt6Line2a_FamilyName[0]
i485/Pt6Line7a_FamilyName[0]"
FamilyName_applicant_family,biographical',core_identity',personal_info,"i130/Pt2Line22a_FamilyName[0]
i130/Pt4Line18a_FamilyName[0]"
FamilyName_preparer,biographical',core_identity',personal_info,i485/Pt11Line1a_FamilyName[0]
FamilyName_unknown,biographical',core_identity',personal_info,"i130/Pt4Line8a_FamilyName[0]
i693/Pt1Line1a_FamilyName[0]
i693/Pt1Line1a_FamilyName[10]
i693/Pt1Line1a_FamilyName[11]
i693/Pt1Line1a_FamilyName[1]
i693/Pt1Line1a_FamilyName[2]
i693/Pt1Line1a_FamilyName[3]
i693/Pt1Line1a_FamilyName[4]
i693/Pt1Line1a_FamilyName[5]
i693/Pt1Line1a_FamilyName[6]
i693/Pt1Line1a_FamilyName[7]
i693/Pt1Line1a_FamilyName[8]
i693/Pt1Line1a_FamilyName[9]"
FamilyStatus_applicant,unknown',unknown',,i485/Pt8Line62_FamilyStatus[0]
Female_applicant,unknown',family_info',,"i130/Pt2Line26_Female[0]
i130/Pt2Line32_Female[0]
i130/Pt2Line9_Female[0]
i130/Pt4Line9_Female[0]"
Gender_applicant,unknown',core_identity',,"i485/Pt1Line6_Gender[0]
i485/Pt1Line6_Gender[1]
i485/Pt4Line12_Gender[0]
i485/Pt4Line12_Gender[1]
i485/Pt4Line4_Gender[0]
i485/Pt4Line4_Gender[1]
i693/Pt1Line3_Gender[0]
i693/Pt1Line3_Gender[1]"
GivenName_applicant,biographical',core_identity',personal_info,"i130/Pt2Line24_GivenName[0]
i130/Pt2Line30b_GivenName[0]
i130/Pt2Line4b_GivenName[0]
i130/Pt2Line5b_GivenName[0]
i130/Pt4Line30b_GivenName[0]
i130/Pt4Line34b_GivenName[0]
i130/Pt4Line38b_GivenName[0]
i130/Pt4Line42b_GivenName[0]
i130/Pt4Line46b_GivenName[0]
i130/Pt4Line4b_GivenName[0]
i130/Pt4Line55b_GivenName[0]
i130/Pt4Line5b_GivenName[0]
i485/Pt1Line1b_GivenName[0]
i485/Pt1Line28b_GivenName[0]
i485/Pt1Line2b_GivenName[0]
i485/Pt1Line3b_GivenName[0]
i485/Pt1Line4b_GivenName[0]
i485/Pt2Line5b_GivenName[0]
i485/Pt4Line10b_GivenName[0]
i485/Pt4Line1b_GivenName[0]
i485/Pt4Line2b_GivenName[0]
i485/Pt4Line9b_GivenName[0]
i485/Pt5Line11b_GivenName[0]
i485/Pt5Line4b_GivenName[0]
i765/Line15b_GivenName[0]
i765/Line16b_GivenName[0]
i765/Line2b_GivenName[0]
i765/Line3b_GivenName[0]
i765/Line3b_GivenName[1]"
GivenName_applicant_children,biographical',core_identity',personal_info,"i485/Pt6Line12b_GivenName[0]
i485/Pt6Line2b_GivenName[0]
i485/Pt6Line7b_GivenName[0]"
GivenName_applicant_family,biographical',core_identity',personal_info,"i130/Pt2Line20b_GivenName[0]
i130/Pt2Line22b_GivenName[0]
i130/Pt4Line16b_GivenName[0]
i130/Pt4Line18b_GivenName[0]"
GivenName_preparer,biographical',core_identity',personal_info,i485/Pt11Line1b_GivenName[0]
GivenName_unknown,biographical',core_identity',personal_info,"i130/Pt2Line4b_GivenName[1]
i130/Pt4Line6b_GivenName[0]
i130/Pt4Line8b_GivenName[0]
i130/Pt5Line2b_GivenName[0]
i485/Pt1Line1b_GivenName[1]
i693/Pt1Line1b_GivenName[0]
i693/Pt1Line1b_GivenName[10]
i693/Pt1Line1b_GivenName[11]
i693/Pt1Line1b_GivenName[12]
i693/Pt1Line1b_GivenName[1]
i693/Pt1Line1b_GivenName[2]
i693/Pt1Line1b_GivenName[3]
i693/Pt1Line1b_GivenName[4]
i693/Pt1Line1b_GivenName[5]
i693/Pt1Line1b_GivenName[6]
i693/Pt1Line1b_GivenName[7]
i693/Pt1Line1b_GivenName[8]
i693/Pt1Line1b_GivenName[9]
i693/Pt7Line1_GivenName[0]
i693/Pt9Line1_GivenName[0]
i765/Line1b_GivenName[0]"
Group_unknown,unknown',unknown',,"i485/Pt8Line12_Group[0]
i485/Pt8Line4_Group[0]
i485/Pt8Line8_Group[0]"
HBCompleteSeries_unknown,unknown',unknown',,i693/Pt10Line1_HBCompleteSeries[0]
HBDateGiven_unknown,unknown',unknown',,i693/Pt10Line6_HBDateGiven[0]
HBDateReceived1_unknown,unknown',unknown',,i693/Pt10Line6_HBDateReceived1[0]
HBDateReceived2_unknown,unknown',unknown',,i693/Pt10Line6_HBDateReceived2[0]
HBDateReceived3_unknown,unknown',unknown',,i693/Pt10Line6_HBDateReceived3[0]
HBDateReceived4_unknown,unknown',unknown',,i693/Pt10Line6_HBDateReceived4[0]
HairColor_unknown,unknown',unknown',,"i130/Pt3Line6_HairColor[0]
i130/Pt3Line6_HairColor[1]
i130/Pt3Line6_HairColor[2]
i130/Pt3Line6_HairColor[3]
i130/Pt3Line6_HairColor[4]
i130/Pt3Line6_HairColor[5]
i130/Pt3Line6_HairColor[6]
i130/Pt3Line6_HairColor[7]
i130/Pt3Line6_HairColor[8]"
Haircolor_unknown,unknown',unknown',,"i485/Pt7Line6_Haircolor[0]
i485/Pt7Line6_Haircolor[1]
i485/Pt7Line6_Haircolor[2]
i485/Pt7Line6_Haircolor[3]
i485/Pt7Line6_Haircolor[4]
i485/Pt7Line6_Haircolor[5]
i485/Pt7Line6_Haircolor[6]
i485/Pt7Line6_Haircolor[7]
i485/Pt7Line6_Haircolor[8]"
HeightFeet_unknown,unknown',unknown',,"i130/Pt3Line3_HeightFeet[0]
i485/Pt7Line3_HeightFeet[0]"
HeightInches_unknown,unknown',unknown',,"i130/Pt3Line3_HeightInches[0]
i485/Pt7Line3_HeightInches[0]"
I94Number_applicant,unknown',contact_info',,i765/Line20a_I94Number[0]
I94_applicant,immigration',unknown',,i485/P2Line26a_I94[0]
IDNumber_applicant,unknown',unknown',,i693/Pt5Line2_IDNumber[0]
ImmMedExamReq_applicant,biographical',core_identity',,i693/Pt1_Line4_ImmMedExamReq[0]
InCareofName_applicant,biographical',core_identity',,"i130/Pt2Line10_InCareofName[0]
i485/Pt1Line12_InCareofName[0]
i485/Pt1Line13_InCareofName[0]
i765/Line4a_InCareofName[0]"
InWedlock_applicant,biographical',core_identity',,i130/Pt1Line2_InWedlock[0]
InfluVaccineInsufficient9_unknown,medical',unknown',,i693/Pt10Line9_InfluVaccineInsufficient9[0]
InsufficientCheckBox10_unknown,medical',unknown',,i693/Pt10Line10_InsufficientCheckBox10[0]
InsufficientCheckBox11_unknown,medical',unknown',,i693/Pt10Line11_InsufficientCheckBox11[0]
InsufficientCheckBox12_unknown,medical',unknown',,"i693/Pt10Line12_InsufficientCheckBox12[0]
i693/Pt10Line13_InsufficientCheckBox12[0]"
InsufficientCheckBox1_unknown,medical',unknown',,i693/Pt10Line1_InsufficientCheckBox1[0]
InsufficientCheckBox2_unknown,medical',unknown',,i693/Pt10Line2_InsufficientCheckBox2[0]
InsufficientCheckBox3_unknown,medical',unknown',,i693/Pt10Line3_InsufficientCheckBox3[0]
InsufficientCheckBox4_unknown,medical',unknown',,i693/Pt10Line4_InsufficientCheckBox4[0]
InsufficientCheckBox5_unknown,medical',unknown',,i693/Pt10Line5_InsufficientCheckBox5[0]
InsufficientCheckBox6_unknown,medical',unknown',,i693/Pt10Line6_InsufficientCheckBox6[0]
InsufficientCheckBox7_unknown,medical',unknown',,i693/Pt10Line7_InsufficientCheckBox7[0]
InsufficientCheckBox8_unknown,medical',unknown',,i693/Pt10Line8_InsufficientCheckBox8[0]
InsufficientCheckBox9_unknown,medical',unknown',,i693/Pt10Line10_InsufficientCheckBox9[0]
InterpreterBusinessorOrg_preparer,biographical',core_identity',,"i130/Pt7Line2_InterpreterBusinessorOrg[0]
i765/Pt4Line2_InterpreterBusinessorOrg[0]"
InterpreterDaytimeTelephone_preparer,biographical',contact_info',contact_info,"i130/Pt7Line4_InterpreterDaytimeTelephone[0]
i765/Pt4Line4_InterpreterDaytimeTelephone[0]"
InterpreterFamilyName_applicant,biographical',core_identity',personal_info,"i130/Pt7Line1a_InterpreterFamilyName[0]
i693/Pt3Line1_InterpreterFamilyName[0]"
InterpreterFamilyName_preparer,biographical',core_identity',personal_info,i765/Pt4Line1a_InterpreterFamilyName[0]
InterpreterGivenName_preparer,biographical',core_identity',personal_info,"i130/Pt7Line1b_InterpreterGivenName[0]
i693/Pt3Line1_InterpreterGivenName[0]
i765/Pt4Line1b_InterpreterGivenName[0]"
ItemNumber_unknown,unknown',unknown',,"i130/Pt9Line3c_ItemNumber[0]
i130/Pt9Line4c_ItemNumber[0]
i130/Pt9Line5c_ItemNumber[0]
i130/Pt9Line6c_ItemNumber[0]
i130/Pt9Line7c_ItemNumber[0]
i485/Pt14Line3c_ItemNumber[0]
i485/Pt14Line4c_ItemNumber[0]
i485/Pt14Line5c_ItemNumber[0]
i485/Pt14Line6c_ItemNumber[0]
i485/Pt14Line7c_ItemNumber[0]
i693/Pt11Line3c_ItemNumber[0]
i693/Pt11Line4c_ItemNumber[0]
i693/Pt11Line5c_ItemNumber[0]
i693/Pt11Line6c_ItemNumber[0]
i765/Pt6Line3c_ItemNumber[0]
i765/Pt6Line4c_ItemNumber[0]
i765/Pt6Line5c_ItemNumber[0]
i765/Pt6Line6c_ItemNumber[0]
i765/Pt6Line7c_ItemNumber[0]"
JudicialProceedings_applicant,unknown',unknown',,i130/Pt4Line54_JudicialProceedings[0]
LPR_applicant,unknown',unknown',,i130/Pt2Line36_LPR[0]
Language_applicant,office',contact_info',,"i485/Pt10Line1b_Language[0]
i765/Pt3Line1b_Language[0]"
Language_unknown,office',contact_info',,i130/Pt6Line1b_Language[0]
ListOtherMedConditions_unknown,medical',unknown',,i693/Pt8Line4_ListOtherMedConditions[0]
Male_applicant,unknown',family_info',,"i130/Pt2Line26_Male[0]
i130/Pt2Line32_Male[0]
i130/Pt2Line9_Male[0]
i130/Pt4Line9_Male[0]"
MaritalStatus_applicant,biographical',marital_status',,"i130/Pt4Line18_MaritalStatus[0]
i130/Pt4Line18_MaritalStatus[1]
i130/Pt4Line18_MaritalStatus[2]
i130/Pt4Line18_MaritalStatus[3]
i130/Pt4Line18_MaritalStatus[4]
i130/Pt4Line18_MaritalStatus[5]
i485/Pt5Line1_MaritalStatus[0]
i485/Pt5Line1_MaritalStatus[1]
i485/Pt5Line1_MaritalStatus[2]
i485/Pt5Line1_MaritalStatus[3]
i485/Pt5Line1_MaritalStatus[4]
i485/Pt5Line1_MaritalStatus[5]"
Married_applicant,biographical',marital_status',,i130/Pt2Line17_Married[0]
MedPracticeName_unknown,biographical',core_identity',,i693/Pt7Line2_MedPracticeName[0]
MiddleName_applicant,biographical',core_identity',personal_info,"i130/Pt2Line24_MiddleName[0]
i130/Pt2Line30c_MiddleName[0]
i130/Pt2Line4c_MiddleName[0]
i130/Pt2Line5c_MiddleName[0]
i130/Pt4Line30c_MiddleName[0]
i130/Pt4Line34c_MiddleName[0]
i130/Pt4Line38c_MiddleName[0]
i130/Pt4Line42c_MiddleName[0]
i130/Pt4Line46c_MiddleName[0]
i130/Pt4Line4c_MiddleName[0]
i130/Pt4Line55c_MiddleName[0]
i130/Pt4Line5c_MiddleName[0]
i485/Pt1Line1c_MiddleName[0]
i485/Pt1Line28c_MiddleName[0]
i485/Pt1Line2c_MiddleName[0]
i485/Pt1Line3c_MiddleName[0]
i485/Pt1Line4c_MiddleName[0]
i485/Pt2Line5c_MiddleName[0]
i485/Pt4Line10c_MiddleName[0]
i485/Pt4Line1c_MiddleName[0]
i485/Pt4Line2c_MiddleName[0]
i485/Pt4Line9c_MiddleName[0]
i485/Pt5Line11c_MiddleName[0]
i485/Pt5Line4c_MiddleName[0]
i765/Line2c_MiddleName[0]
i765/Line3c_MiddleName[0]
i765/Line3c_MiddleName[1]"
MiddleName_applicant_children,biographical',core_identity',personal_info,"i485/Pt6Line12c_MiddleName[0]
i485/Pt6Line2c_MiddleName[0]
i485/Pt6Line7c_MiddleName[0]"
MiddleName_applicant_family,biographical',core_identity',personal_info,"i130/Pt2Line20c_MiddleName[0]
i130/Pt2Line22c_MiddleName[0]
i130/Pt4Line16c_MiddleName[0]
i130/Pt4Line18c_MiddleName[0]"
MiddleName_unknown,biographical',core_identity',personal_info,"i130/Pt2Line4c_MiddleName[1]
i130/Pt4Line6c_MiddleName[0]
i130/Pt4Line8c_MiddleName[0]
i130/Pt5Line2c_MiddleName[0]
i485/Pt1Line1c_MiddleName[1]
i693/Pt1Line1c_MiddleName[0]
i693/Pt1Line1c_MiddleName[10]
i693/Pt1Line1c_MiddleName[11]
i693/Pt1Line1c_MiddleName[12]
i693/Pt1Line1c_MiddleName[1]
i693/Pt1Line1c_MiddleName[2]
i693/Pt1Line1c_MiddleName[3]
i693/Pt1Line1c_MiddleName[4]
i693/Pt1Line1c_MiddleName[5]
i693/Pt1Line1c_MiddleName[6]
i693/Pt1Line1c_MiddleName[7]
i693/Pt1Line1c_MiddleName[8]
i693/Pt1Line1c_MiddleName[9]
i693/Pt7Line1_MiddleName[0]
i693/Pt9Line1_MiddleName[0]
i765/Line1c_MiddleName[0]"
MobileNumber1_applicant,biographical',contact_info',contact_info,i765/Pt3Line4_MobileNumber1[0]
MobileNumber_applicant,biographical',contact_info',contact_info,i485/Pt12Line5_MobileNumber[0]
MobileNumber_preparer,biographical',contact_info',contact_info,i765/Pt4Line5_MobileNumber[0]
MobileNumber_unknown,biographical',contact_info',contact_info,i130/Pt6Line4_MobileNumber[0]
MobilePhoneNumber_applicant,biographical',contact_info',contact_info,i130/Pt4Line15_MobilePhoneNumber[0]
MobilePhone_applicant,biographical',contact_info',contact_info,"i485/Pt10Line4_MobilePhone[0]
i693/Pt4Line4_MobilePhone[0]"
MobilePhone_preparer,biographical',contact_info',contact_info,"i485/Pt11Line5_MobilePhone[0]
i693/Pt3Line5_MobilePhone[0]"
MobilePhone_unknown,biographical',contact_info',contact_info,i693/Pt7Line6_MobilePhone[0]
Mobilephone_applicant,biographical',contact_info',contact_info,i693/Pt2Line4_Mobilephone[0]
NameOfCompany_applicant,biographical',core_identity',,i130/Pt4Line26_NameOfCompany[0]
NameOfMPorHD_unknown,biographical',core_identity',,"i693/Pt9Line1_NameOfMPorHD[0]
i693/Pt9Line4_NameOfMPorHD[0]"
NameofBusinessorOrgName_preparer,biographical',core_identity',,i693/Pt3Line2_NameofBusinessorOrgName[0]
Nationality_applicant,biographical',core_identity',,i485/Pt8Line86b_Nationality[0]
No_applicant,immigration',unknown',,"i130/Part4Line1_No[0]
i130/Pt1Line3_No[0]
i130/Pt1Line4_No[0]
i130/Pt2Line11_No[0]
i130/Pt2Line36_No[0]
i130/Pt2Line41_No[0]
i130/Pt4Line10_No[0]
i130/Pt4Line20_No[0]
i130/Pt4Line28_No[0]"
NotAge10_unknown,medical',unknown',,i693/Pt10Line10_NotAge10[0]
NotAge11_unknown,medical',unknown',,i693/Pt10Line11_NotAge11[0]
NotAge12_unknown,medical',unknown',,"i693/Pt10Line12_NotAge12[0]
i693/Pt10Line13_NotAge12[0]"
NotAge1_unknown,medical',unknown',,i693/Pt10Line1_NotAge1[0]
NotAge2_unknown,medical',unknown',,i693/Pt10Line2_NotAge2[0]
NotAge3_unknown,medical',unknown',,i693/Pt10Line3_NotAge3[0]
NotAge4_unknown,medical',unknown',,i693/Pt10Line4_NotAge4[0]
NotAge5_unknown,medical',unknown',,i693/Pt10Line5_NotAge5[0]
NotAge6_unknown,medical',unknown',,i693/Pt10Line6_NotAge6[0]
NotAge7_unknown,medical',unknown',,i693/Pt10Line7_NotAge7[0]
NotAge8_unknown,medical',unknown',,i693/Pt10Line8_NotAge8[0]
NotAge9_unknown,medical',unknown',,i693/Pt10Line9_NotAge9[0]
NotExtend_applicant,office',contact_info',,i485/Part12Line7b_NotExtend[0]
NumberofMarriages_applicant_family,biographical',marital_status',,"i130/Pt2Line16_NumberofMarriages[0]
i130/Pt4Line17_NumberofMarriages[0]"
Occupation_applicant_employment,employment',unknown',,"i130/Pt2Line42_Occupation[0]
i130/Pt2Line46_Occupation[0]"
OrgName_preparer,biographical',core_identity',,i485/Pt11Line2_OrgName[0]
OrgName_unknown,biographical',core_identity',,"i485/Pt8Line10_OrgName[0]
i485/Pt8Line2_OrgName[0]
i485/Pt8Line6_OrgName[0]"
OtherEligibility_applicant,immigration',unknown',,i485/Pt2Line1g_OtherEligibility[0]
Other_applicant,unknown',unknown',,i485/Pt9Line2c_Other[0]
OutOfWedlock_applicant,biographical',core_identity',,i130/Pt1Line2_OutOfWedlock[0]
OverallFinding_unknown,medical',unknown',,"i693/Pt6Line1_OverallFinding[0]
i693/Pt6Line1_OverallFinding[1]
i693/Pt6Line1_OverallFinding[2]"
P10_Remarks_unknown,unknown',unknown',,i693/P10_Remarks[0]
P10_Results_applicant,unknown',unknown',,"i693/P10_Results[0]
i693/P10_Results[1]
i693/P10_Results[2]"
P10_TDVaccineCheckBox_unknown,unknown',unknown',,i693/P10_TDVaccineCheckBox[0]
P10_USCIS_Remarks_unknown,unknown',unknown',,i693/P10_USCIS_Remarks[0]
P10_VaccineCheckBox_unknown,unknown',unknown',,"i693/P10_VaccineCheckBox[0]
i693/P10_VaccineCheckBox[1]
i693/P10_VaccineCheckBox[2]"
P9_TDVaccineCheckBox_unknown,unknown',unknown',,i693/P9_TDVaccineCheckBox[0]
PageNumber_unknown,unknown',unknown',,"i130/Pt9Line3a_PageNumber[0]
i130/Pt9Line4a_PageNumber[0]
i130/Pt9Line5a_PageNumber[0]
i130/Pt9Line6a_PageNumber[0]
i130/Pt9Line9a_PageNumber[0]
i485/Pt14Line3a_PageNumber[0]
i485/Pt14Line4a_PageNumber[0]
i485/Pt14Line5a_PageNumber[0]
i485/Pt14Line6a_PageNumber[0]
i485/Pt14Line7a_PageNumber[0]
i693/Pt11Line3a_PageNumber[0]
i693/Pt11Line4a_PageNumber[0]
i693/Pt11Line5a_PageNumber[0]
i693/Pt11Line6a_PageNumber[0]
i765/Pt6Line3a_PageNumber[0]
i765/Pt6Line4a_PageNumber[0]
i765/Pt6Line5a_PageNumber[0]
i765/Pt6Line6a_PageNumber[0]
i765/Pt6Line7a_PageNumber[0]"
Parent_applicant,unknown',family_info',,i130/Pt1Line1_Parent[0]
ParoleEntrance_applicant,immigration',contact_info',,i485/Pt1Line25b_ParoleEntrance[0]
Part11_NameofLanguage_applicant,office',core_identity',,i485/Part11_NameofLanguage[0]
Part1_Checkbox_applicant,employment',unknown',,"i765/Part1_Checkbox[0]
i765/Part1_Checkbox[1]
i765/Part1_Checkbox[2]"
Part3_Checkbox_applicant,biographical',core_identity',,i765/Part3_Checkbox[0]
Part4_NameofLanguage_applicant,office',core_identity',,i765/Part4_NameofLanguage[0]
PartNumber_unknown,unknown',unknown',,"i130/Pt9Line3b_PartNumber[0]
i130/Pt9Line4b_PartNumber[0]
i130/Pt9Line5b_PartNumber[0]
i130/Pt9Line6b_PartNumber[0]
i130/Pt9Line7b_PartNumber[0]
i485/Pt14Line3b_PartNumber[0]
i485/Pt14Line4b_PartNumber[0]
i485/Pt14Line5b_PartNumber[0]
i485/Pt14Line6b_PartNumber[0]
i485/Pt14Line7b_PartNumber[0]
i693/Pt11Line3b_PartNumber[0]
i693/Pt11Line4b_PartNumber[0]
i693/Pt11Line5b_PartNumber[0]
i693/Pt11Line6b_PartNumber[0]
i765/Pt6Line3b_PartNumber[0]
i765/Pt6Line4b_PartNumber[0]
i765/Pt6Line5b_PartNumber[0]
i765/Pt6Line6b_PartNumber[0]
i765/Pt6Line7b_PartNumber[0]"
PassportNum_applicant,immigration',contact_info',,i485/Pt1Line18_PassportNum[0]
PassportNumber_applicant,immigration',unknown',,i130/Pt4Line22_PassportNumber[0]
Passport_applicant,immigration',unknown',,"i485/Pt1Line21_Passport[0]
i765/Line20b_Passport[0]"
PlaceOfIssuance_applicant,unknown',unknown',,i130/Pt2Line37b_PlaceOfIssuance[0]
PostalCode_applicant_address,biographical',contact_info',,"i130/Pt2Line10_PostalCode[0]
i130/Pt2Line12_PostalCode[0]
i130/Pt2Line14_PostalCode[0]
i130/Pt4Line11_PostalCode[0]
i130/Pt4Line13_PostalCode[0]
i130/Pt4Line26_PostalCode[0]
i130/Pt4Line56_PostalCode[0]
i130/Pt4Line57_PostalCode[0]
i485/Pt12Line3_PostalCode[0]
i485/Pt3Line12_PostalCode[0]
i485/Pt3Line20_PostalCode[0]
i485/Pt3Line5_PostalCode[0]
i485/Pt3Line7_PostalCode[0]
i485/Pt3Line9_PostalCode[0]
i693/P1Line2_PostalCode[0]
i765/Pt6Line3g_PostalCode[0]"
PostalCode_applicant_employment,employment',contact_info',,"i130/Pt2Line41_PostalCode[0]
i130/Pt2Line45_PostalCode[0]
i485/Pt3Line16_PostalCode[0]"
PostalCode_preparer_address,biographical',contact_info',,"i130/Pt7Line3_PostalCode[0]
i130/Pt8Line3_PostalCode[0]
i485/Pt11Line3_PostalCode[0]
i765/Pt5Line3g_PostalCode[0]"
Pound1_unknown,unknown',unknown',,i130/Pt3Line4_Pound1[0]
Pound2_unknown,unknown',unknown',,i130/Pt3Line4_Pound2[0]
Pound3_unknown,unknown',unknown',,i130/Pt3Line4_Pound3[0]
PreparerCB_applicant,biographical',core_identity',,i485/Pt10Line2_PreparerCB[0]
PreparerFamilyName_applicant,biographical',core_identity',personal_info,"i485/Pt12Line1a_PreparerFamilyName[0]
i693/Pt4Line1_PreparerFamilyName[0]
i765/Pt5Line1a_PreparerFamilyName[0]"
PreparerFamilyName_preparer,biographical',core_identity',personal_info,i130/Pt8Line1a_PreparerFamilyName[0]
PreparerFaxNumber_applicant,biographical',contact_info',contact_info,i765/Pt5Line5_PreparerFaxNumber[0]
PreparerFaxNumber_preparer,biographical',contact_info',contact_info,i130/Pt8Line5_PreparerFaxNumber[0]
PreparerGivenName_applicant,biographical',core_identity',personal_info,"i485/Pt12Line1b_PreparerGivenName[0]
i693/Pt4Line1_PreparerGivenName[0]
i765/Pt5Line1b_PreparerGivenName[0]"
PreparerGivenName_preparer,biographical',core_identity',personal_info,i130/Pt8Line1b_PreparerGivenName[0]
PreparerNameofBusinessorOrgName_applicant,biographical',core_identity',,i693/Pt4Line2_PreparerNameofBusinessorOrgName[0]
Preparer_applicant,biographical',core_identity',,i485/Pt10Line2_Preparer[0]
Province_applicant,biographical',contact_info',,"i130/Pt2Line10_Province[0]
i130/Pt2Line19c_Province[0]
i130/Pt4Line11_Province[0]
i130/Pt4Line13_Province[0]
i130/Pt4Line20c_Province[0]
i130/Pt4Line26_Province[0]
i130/Pt4Line56_Province[0]
i130/Pt4Line57_Province[0]
i130/Pt4Line61b_Province[0]
i485/Pt12Line3_Province[0]
i485/Pt3Line12_Province[0]
i485/Pt3Line20_Province[0]
i485/Pt3Line5_Province[0]
i485/Pt3Line9_Province[0]
i693/P1Line2_Province[0]
i765/Pt6Line3f_Province[0]"
Province_applicant_address,biographical',contact_info',,"i130/Pt2Line12_Province[0]
i130/Pt2Line14_Province[0]
i485/Pt3Line7_Province[0]"
Province_applicant_employment,employment',unknown',,"i130/Pt2Line41_Province[0]
i130/Pt2Line45_Province[0]
i485/Pt3Line16_Province[0]"
Province_preparer,biographical',contact_info',,"i130/Pt7Line3_Province[0]
i130/Pt8Line3_Province[0]
i485/Pt11Line3_Province[0]
i765/Pt5Line3f_Province[0]"
Pt10_PVVaccineCheckBox_unknown,unknown',unknown',,"i693/Pt10_PVVaccineCheckBox[0]
i693/Pt10_PVVaccineCheckBox[1]"
Pt13_ApplicantSignature_applicant,biographical',core_identity',,i485/Pt13_ApplicantSignature[0]
Pt13_Corrections1_applicant,immigration',contact_info',,i485/Pt13_Corrections1[0]
Pt13_Corrections2_unknown,immigration',contact_info',,i485/Pt13_Corrections2[0]
Pt13_DateofSignature_unknown,office',unknown',,i485/Pt13_DateofSignature[0]
Pt13_Pages1_unknown,office',unknown',,i485/Pt13_Pages1[0]
Pt13_Pages2_unknown,office',unknown',,i485/Pt13_Pages2[0]
Pt13_USCISOfficer_unknown,biographical',core_identity',,i485/Pt13_USCISOfficer[0]
Pt13_USCISSignature_unknown,biographical',core_identity',,i485/Pt13_USCISSignature[0]
Pt3Line1Checkbox_applicant,biographical',core_identity',,"i765/Pt3Line1Checkbox[0]
i765/Pt3Line1Checkbox[1]"
Pt3Line_NameOfLanguage_applicant,office',core_identity',,i693/Pt3Line_NameOfLanguage[0]
Pt511a_FamilyName_applicant,biographical',core_identity',personal_info,i485/Pt511a_FamilyName[0]
Pt6Line1Checkbox_applicant,office',contact_info',,"i130/Pt6Line1Checkbox[0]
i130/Pt6Line1Checkbox[1]"
Pt7Line1B1b_DateScreeningRun_unknown,medical',unknown',,"i693/Pt7Line1B1b_DateScreeningRun[0]
i693/Pt7Line1B1b_DateScreeningRun[10]
i693/Pt7Line1B1b_DateScreeningRun[11]
i693/Pt7Line1B1b_DateScreeningRun[1]
i693/Pt7Line1B1b_DateScreeningRun[2]
i693/Pt7Line1B1b_DateScreeningRun[3]
i693/Pt7Line1B1b_DateScreeningRun[4]
i693/Pt7Line1B1b_DateScreeningRun[5]
i693/Pt7Line1B1b_DateScreeningRun[6]
i693/Pt7Line1B1b_DateScreeningRun[7]
i693/Pt7Line1B1b_DateScreeningRun[8]
i693/Pt7Line1B1b_DateScreeningRun[9]"
Pt7Line1B1c_TiterOne_applicant,medical',unknown',,i693/Pt7Line1B1c_TiterOne[0]
Pt7Line1B1d_name_unknown,medical',core_identity',,"i693/Pt7Line1B1d_name[0]
i693/Pt7Line1B1d_name[10]
i693/Pt7Line1B1d_name[11]
i693/Pt7Line1B1d_name[12]
i693/Pt7Line1B1d_name[13]
i693/Pt7Line1B1d_name[14]
i693/Pt7Line1B1d_name[15]
i693/Pt7Line1B1d_name[16]
i693/Pt7Line1B1d_name[17]
i693/Pt7Line1B1d_name[1]
i693/Pt7Line1B1d_name[2]
i693/Pt7Line1B1d_name[3]
i693/Pt7Line1B1d_name[4]
i693/Pt7Line1B1d_name[5]
i693/Pt7Line1B1d_name[6]
i693/Pt7Line1B1d_name[7]
i693/Pt7Line1B1d_name[8]
i693/Pt7Line1B1d_name[9]"
Pt7Line1B1h_DateOfrepeatTest_applicant,medical',unknown',,i693/Pt7Line1B1h_DateOfrepeatTest[0]
Pt7Line1C1b_DateScreeningNucleicAcid_applicant,medical',unknown',,i693/Pt7Line1C1b_DateScreeningNucleicAcid[0]
Pt7_NameofLanguage_applicant,office',core_identity',,i130/Pt7_NameofLanguage[0]
Pt8Line1A1_QFDate_unknown,medical',unknown',,i693/Pt8Line1A1_QFDate[0]
Pt8Line1A1_Result_unknown,medical',unknown',,"i693/Pt8Line1A1_Result[0]
i693/Pt8Line1A1_Result[1]
i693/Pt8Line1A1_Result[2]"
Pt8Line1A1_TSDate_unknown,medical',unknown',,i693/Pt8Line1A1_TSDate[0]
Pt8Line1A2_InitialScreening_unknown,medical',unknown',,"i693/Pt8Line1A2_InitialScreening[0]
i693/Pt8Line1A2_InitialScreening[1]
i693/Pt8Line1A2_InitialScreening[2]
i693/Pt8Line1A2_InitialScreening[3]"
Pt8Line1A3_Cavitylesion_unknown,medical',unknown',,i693/Pt8Line1A3_Cavitylesion[0]
Pt8Line1A3_DiscreteNodule_unknown,medical',unknown',,i693/Pt8Line1A3_DiscreteNodule[0]
Pt8Line1A3_DiscretelinearOpac_unknown,medical',contact_info',,i693/Pt8Line1A3_DiscretelinearOpac[0]
Pt8Line1A3_Hilar_unknown,medical',unknown',,i693/Pt8Line1A3_Hilar[0]
Pt8Line1A3_Infiltrate_unknown,medical',unknown',,i693/Pt8Line1A3_Infiltrate[0]
Pt8Line1A3_Irregularthickpleural_unknown,medical',unknown',,i693/Pt8Line1A3_Irregularthickpleural[0]
Pt8Line1A3_Miliary_unknown,medical',unknown',,i693/Pt8Line1A3_Miliary[0]
Pt8Line1A3_NodulesorMass_unknown,medical',unknown',,i693/Pt8Line1A3_NodulesorMass[0]
Pt8Line1A3_Other_unknown,medical',unknown',,i693/Pt8Line1A3_Other[0]
Pt8Line1A3_Pleuraleffusion_unknown,medical',unknown',,i693/Pt8Line1A3_Pleuraleffusion[0]
Pt8Line1A3_Results_unknown,medical',unknown',,"i693/Pt8Line1A3_Results[0]
i693/Pt8Line1A3_Results[1]"
Pt8Line1A3_Reticular_unknown,medical',unknown',,i693/Pt8Line1A3_Reticular[0]
Pt8Line1A3_Volumeloss_unknown,medical',unknown',,i693/Pt8Line1A3_Volumeloss[0]
Pt8Line1A3_XrayReadDate_unknown,medical',unknown',,i693/Pt8Line1A3_XrayReadDate[0]
Pt8Line1A3_XrayTakenDate_applicant,medical',unknown',,i693/Pt8Line1A3_XrayTakenDate[0]
Pt8Line1A4_SputumSmearsCultures_unknown,medical',unknown',,"i693/Pt8Line1A4_SputumSmearsCultures[0]
i693/Pt8Line1A4_SputumSmearsCultures[1]
i693/Pt8Line1A4_SputumSmearsCultures[2]
i693/Pt8Line1A4_SputumSmearsCultures[3]
i693/Pt8Line1A4_SputumSmearsCultures[4]"
Pt8Line1A6_TBClassification_unknown,medical',unknown',,"i693/Pt8Line1A6_TBClassification[0]
i693/Pt8Line1A6_TBClassification[1]
i693/Pt8Line1A6_TBClassification[2]
i693/Pt8Line1A6_TBClassification[3]
i693/Pt8Line1A6_TBClassification[4]
i693/Pt8Line1A6_TBClassification[5]
i693/Pt8Line1A6_TBClassification[6]"
Pt8Line1A7_Remarks_applicant,medical',unknown',,i693/Pt8Line1A7_Remarks[0]
Pt8Line1A_GammarRelease_unknown,medical',unknown',,"i693/Pt8Line1A_GammarRelease[0]
i693/Pt8Line1A_GammarRelease[1]
i693/Pt8Line1A_GammarRelease[2]"
Pt8Line1B1a_name_applicant,biographical',core_identity',,i693/Pt8Line1B1a_name[0]
Pt8Line1B1b_DateNontrepoemaltest_applicant,medical',unknown',,i693/Pt8Line1B1b_DateNontrepoemaltest[0]
Pt8Line1B1c_DateNontreponemalTest_applicant,medical',unknown',,i693/Pt8Line1B1c_DateNontreponemalTest[0]
Pt8Line1B1c_SyphilisScreen_applicant,medical',unknown',,"i693/Pt8Line1B1c_SyphilisScreen[0]
i693/Pt8Line1B1c_SyphilisScreen[1]"
Pt8Line1B1d_TreponemalReactiveNon_applicant,medical',unknown',,"i693/Pt8Line1B1d_TreponemalReactiveNon[0]
i693/Pt8Line1B1d_TreponemalReactiveNon[1]"
Pt8Line1B1d_name_applicant,biographical',core_identity',,i693/Pt8Line1B1d_name[0]
Pt8Line1B1e_DateScreeningRun_applicant,medical',unknown',,i693/Pt8Line1B1e_DateScreeningRun[0]
Pt8Line1B1f_TiterOne_applicant,medical',unknown',,i693/Pt8Line1B1f_TiterOne[0]
Pt8Line1B1g_nameOfrepeat_applicant,biographical',core_identity',,i693/Pt8Line1B1g_nameOfrepeat[0]
Pt8Line1B1i_RepeatReativeNon_applicant,medical',unknown',,"i693/Pt8Line1B1i_RepeatReativeNon[0]
i693/Pt8Line1B1i_RepeatReativeNon[1]"
Pt8Line1B2_Findings_unknown,medical',unknown',,"i693/Pt8Line1B2_Findings[0]
i693/Pt8Line1B2_Findings[1]
i693/Pt8Line1B2_Findings[2]"
Pt8Line1B3_Dosage_unknown,medical',unknown',,i693/Pt8Line1B3_Dosage[0]
Pt8Line1B3_Drug_unknown,medical',unknown',,i693/Pt8Line1B3_Drug[0]
Pt8Line1B3_Remarks_unknown,medical',unknown',,i693/Pt8Line1B3_Remarks[0]
Pt8Line1B3_endDate_unknown,medical',unknown',,i693/Pt8Line1B3_endDate[0]
Pt8Line1B3_startDate_unknown,medical',unknown',,i693/Pt8Line1B3_startDate[0]
Pt8Line1C1a_name_applicant,biographical',core_identity',,i693/Pt8Line1C1a_name[0]
Pt8Line1C1c_Checkboxg_unknown,medical',unknown',,"i693/Pt8Line1C1c_Checkboxg[0]
i693/Pt8Line1C1c_Checkboxg[1]"
Pt8Line1C1c_applicant,medical',unknown',,"i693/Pt8Line1C1c[0]
i693/Pt8Line1C1c[1]"
Pt8Line1C2_Remarks_applicant,medical',unknown',,i693/Pt8Line1C2_Remarks[0]
Pt8Line1C3_Dosage_unknown,medical',unknown',,i693/Pt8Line1C3_Dosage[0]
Pt8Line1C3_Drug_unknown,medical',unknown',,i693/Pt8Line1C3_Drug[0]
Pt8Line1C3_endDate_unknown,medical',unknown',,i693/Pt8Line1C3_endDate[0]
Pt8Line1C3_startDate_unknown,medical',unknown',,i693/Pt8Line1C3_startDate[0]
Pt8Line1D1_Findings_unknown,medical',unknown',,"i693/Pt8Line1D1_Findings[0]
i693/Pt8Line1D1_Findings[1]
i693/Pt8Line1D1_Findings[2]"
Pt8Line1D1b_Checkboxf_unknown,medical',unknown',,"i693/Pt8Line1D1b_Checkboxf[0]
i693/Pt8Line1D1b_Checkboxf[1]"
Pt8Line1c2_Findings_unknown,medical',unknown',,"i693/Pt8Line1c2_Findings[0]
i693/Pt8Line1c2_Findings[1]
i693/Pt8Line1c2_Findings[2]"
Pt8Line1c3_Remarks_unknown,medical',unknown',,i693/Pt8Line1c3_Remarks[0]
Pt8Line2A_Disorders_unknown,medical',unknown',,"i693/Pt8Line2A_Disorders[0]
i693/Pt8Line2A_Disorders[1]
i693/Pt8Line2A_Disorders[2]
i693/Pt8Line2A_Disorders[3]
i693/Pt8Line2A_Disorders[4]"
Pt8Line2B_Remarks_applicant,medical',unknown',,i693/Pt8Line2B_Remarks[0]
Pt8Line3A_Findings_applicant,medical',unknown',,"i693/Pt8Line3A_Findings[0]
i693/Pt8Line3A_Findings[1]
i693/Pt8Line3A_Findings[2]
i693/Pt8Line3A_Findings[3]"
Pt8Line3B_Remarks_applicant,medical',unknown',,i693/Pt8Line3B_Remarks[0]
Pt8Line5A_DoctorOrHDptName_unknown,biographical',core_identity',,i693/Pt8Line5A_DoctorOrHDptName[0]
Pt8Line5B_AptSteFlrNumber_unknown,biographical',contact_info',,i693/Pt8Line5B_AptSteFlrNumber[0]
Pt8Line5B_CityOrTown_unknown_address,biographical',contact_info',,i693/Pt8Line5B_CityOrTown[0]
Pt8Line5B_State_unknown_address,biographical',contact_info',,i693/Pt8Line5B_State[0]
Pt8Line5B_StreetNumberName_unknown_address,biographical',core_identity',,i693/Pt8Line5B_StreetNumberName[0]
Pt8Line5B_Unit_unknown,biographical',contact_info',,"i693/Pt8Line5B_Unit[0]
i693/Pt8Line5B_Unit[1]
i693/Pt8Line5B_Unit[2]"
Pt8Line5B_ZipCode_unknown_address,biographical',contact_info',,i693/Pt8Line5B_ZipCode[0]
Pt8Line5C_DateOfReferral_unknown,medical',unknown',,i693/Pt8Line5C_DateOfReferral[0]
Pt8Line5D_Remarks_applicant,biographical',core_identity',,i693/Pt8Line5D_Remarks[0]
Race_AmericanIndianAlaskaNative_unknown,unknown',unknown',,i130/Pt3Line2_Race_AmericanIndianAlaskaNative[0]
Race_Asian_unknown,unknown',unknown',,i130/Pt3Line2_Race_Asian[0]
Race_Black_unknown,unknown',unknown',,i130/Pt3Line2_Race_Black[0]
Race_NativeHawaiianOtherPacificIslander_unknown,unknown',unknown',,i130/Pt3Line2_Race_NativeHawaiianOtherPacificIslander[0]
Race_White_unknown,unknown',unknown',,i130/Pt3Line2_Race_White[0]
Race_unknown,unknown',unknown',,"i485/Pt7Line2_Race[0]
i485/Pt7Line2_Race[1]
i485/Pt7Line2_Race[2]
i485/Pt7Line2_Race[3]
i485/Pt7Line2_Race[4]"
ReceiptNumber_applicant,unknown',unknown',,"i485/Pt2Line8_ReceiptNumber[0]
i765/Line28_ReceiptNumber[0]
i765/Line30a_ReceiptNumber[0]"
Receipt_applicant,unknown',unknown',,i485/Pt2Line3_Receipt[0]
Relationship_applicant,unknown',unknown',,"i130/Pt4Line31_Relationship[0]
i130/Pt4Line35_Relationship[0]
i130/Pt4Line39_Relationship[0]
i130/Pt4Line43_Relationship[0]
i130/Pt4Line47_Relationship[0]"
Relationship_unknown,unknown',unknown',,"i130/Pt4Line7_Relationship[0]
i130/Pt4Line9_Relationship[0]"
Removal_applicant,unknown',unknown',,i130/Pt4Line54_Removal[0]
RepresentativeName_applicant,biographical',core_identity',,i765/Pt3Line2_RepresentativeName[0]
RepresentativeName_preparer,biographical',core_identity',,i130/Pt6Line2_RepresentativeName[0]
Rescission_applicant,unknown',unknown',,i130/Pt4Line54_Rescission[0]
Result_unknown,unknown',unknown',,i130/Pt5Line5_Result[0]
SEVISnumber_applicant,unknown',contact_info',,i765/Line26_SEVISnumber[0]
SSN_applicant,unknown',core_identity',,"i130/Pt2Line11_SSN[0]
i130/Pt4Line3_SSN[0]
i485/Pt1Line15_SSN[0]
i765/Line12b_SSN[0]"
Separated_applicant,biographical',unknown',,i130/Pt2Line17_Separated[0]
Siblings_applicant,unknown',family_info',,i130/Pt1Line1_Siblings[0]
Signature_applicant,biographical',core_identity',,"i485/Pt12Line8a_Signature[0]
i485/Pt5Line6a_Signature[0]
i693/Pt4Line8_Signature[0]
i765/Pt3Line7a_Signature[0]
i765/Pt4Line6a_Signature[0]
i765/Pt5Line8a_Signature[0]"
Signature_preparer,biographical',core_identity',,"i130/Pt7Line7a_Signature[0]
i130/Pt8Line8a_Signature[0]
i485/Pt5Line6a_Signature[1]
i693/Pt3Line7_Signature[0]"
Signature_unknown,medical',unknown',,i693/Pt9Line3_Signature[0]
SignatureofApplicant_applicant,biographical',core_identity',,i130/P5_Line6a_SignatureofApplicant[0]
Single_applicant,biographical',marital_status',,i130/Pt2Line17_Single[0]
Spouse_applicant_family,unknown',family_info',,i130/Pt1Line1_Spouse[0]
State_applicant_address,biographical',contact_info',,"i130/Pt2Line10_State[0]
i130/Pt2Line12_State[0]
i130/Pt2Line14_State[0]
i130/Pt2Line19b_State[0]
i130/Pt2Line40e_State[0]
i130/Pt4Line11_State[0]
i130/Pt4Line12d_State[0]
i130/Pt4Line20b_State[0]
i130/Pt4Line26_State[0]
i130/Pt4Line55b_State[0]
i130/Pt4Line57_State[0]
i130/Pt4Line60b_State[0]
i485/Pt12Line3_State[0]
i485/Pt1Line12_State[0]
i485/Pt1Line13_State[0]
i485/Pt1Line23b_State[0]
i485/Pt3Line12_State[0]
i485/Pt3Line20_State[0]
i485/Pt3Line5_State[0]
i485/Pt3Line7_State[0]
i485/Pt3Line9_State[0]
i485/Pt5Line14b_State[0]
i485/Pt5Line16b_State[0]
i485/Pt5Line8b_State[0]
i485/Pt5Line9b_State[0]
i693/P1Line2_State[0]
i765/Pt2Line5_State[0]
i765/Pt2Line7_State[0]
i765/Pt6Line3d_State[0]"
State_applicant_employment,employment',contact_info',,"i130/Pt2Line41_State[0]
i130/Pt2Line45_State[0]
i485/Pt3Line16_State[0]"
State_preparer_address,biographical',contact_info',,"i130/Pt7Line3_State[0]
i130/Pt8Line3_State[0]
i485/Pt11Line3_State[0]
i765/Pt5Line3d_State[0]"
State_unknown_address,unknown',contact_info',,"i130/Pt5Line3b_State[0]
i485/Pt8Line11b_State[0]
i485/Pt8Line3b_State[0]
i485/Pt8Line7b_State[0]
i693/Pt7Line3_State[0]
i693/Pt7Line4_State[0]
i693/Pt9Line2_State[0]"
StatusLastEntry_applicant,immigration',contact_info',,i765/Line23_StatusLastEntry[0]
Status_applicant,immigration',unknown',,"i485/Pt1Line26c_Status[0]
i485/Pt1Line27_Status[0]"
Stepchild_applicant_children,unknown',family_info',,i130/Pt1Line2_Stepchild[0]
StreetNumberName_applicant_address,biographical',core_identity',,"i130/Pt2Line10_StreetNumberName[0]
i130/Pt2Line12_StreetNumberName[0]
i130/Pt2Line14_StreetNumberName[0]
i130/Pt4Line11_StreetNumberName[0]
i130/Pt4Line12a_StreetNumberName[0]
i130/Pt4Line13_StreetNumberName[0]
i130/Pt4Line26_StreetNumberName[0]
i130/Pt4Line56_StreetNumberName[0]
i130/Pt4Line57_StreetNumberName[0]
i485/Pt12Line3_StreetNumberName[0]
i485/Pt1Line12_StreetNumberName[0]
i485/Pt1Line13_StreetNumberName[0]
i485/Pt3Line12_StreetNumberName[0]
i485/Pt3Line20_StreetNumberName[0]
i485/Pt3Line5_StreetNumberName[0]
i485/Pt3Line7_StreetNumberName[0]
i485/Pt3Line9_StreetNumberName[0]
i693/Pt1Line2_StreetNumberName[0]
i693/Pt1Line2_StreetNumberName[1]
i765/Line4b_StreetNumberName[0]
i765/Pt2Line7_StreetNumberName[0]
i765/Pt6Line3a_StreetNumberName[0]"
StreetNumberName_applicant_employment,biographical',core_identity',,"i130/Pt2Line41_StreetNumberName[0]
i130/Pt2Line45_StreetNumberName[0]
i485/Pt3Line16_StreetNumberName[0]"
StreetNumberName_preparer_address,biographical',core_identity',,"i130/Pt7Line3_StreetNumberName[0]
i130/Pt8Line3_StreetNumberName[0]
i485/Pt11Line3_StreetNumberName[0]
i765/Pt5Line3a_StreetNumberName[0]"
StreetNumberName_unknown_address,biographical',core_identity',,"i693/Pt7Line3_StreetNumberName[0]
i693/Pt7Line4_StreetNumberName[0]
i693/Pt9Line2_StreetNumberName[0]"
TdCompleteSeries_unknown,unknown',unknown',,i693/Pt10Line2_TdCompleteSeries[0]
TdContra_unknown,medical',unknown',,i693/Pt10Line2_TdContra[0]
TdDateGiven_unknown,unknown',unknown',,i693/Pt10Line2_TdDateGiven[0]
TdDateReceived1_unknown,unknown',unknown',,i693/Pt10Line2_TdDateReceived1[0]
TdDateReceived2_unknown,unknown',unknown',,i693/Pt10Line2_TdDateReceived2[0]
TdDateReceived3_unknown,unknown',unknown',,i693/Pt10Line2_TdDateReceived3[0]
TdDateReceived4_unknown,unknown',unknown',,i693/Pt10Line2_TdDateReceived4[0]
TextField1_unknown,unknown',unknown',,i485/TextField1[0]
TimesMarried_applicant,biographical',marital_status',,i485/Pt5Line3_TimesMarried[0]
TotalChildren_applicant_children,unknown',contact_info',,i485/Pt6Line1_TotalChildren[0]
TravelDocNumber_applicant,unknown',unknown',,i130/Pt4Line23_TravelDocNumber[0]
TravelDoc_applicant,immigration',unknown',,"i485/Pt2Line19_TravelDoc[0]
i765/Line20c_TravelDoc[0]"
USCISELISAcctNumber_applicant,unknown',unknown',,i485/Pt1Line11_USCISELISAcctNumber[0]
USCISELISAcctNumber_preparer,immigration',unknown',,i765/USCISELISAcctNumber[0]
USCISOnlineAcctNumber_applicant_children,medical',unknown',,i693/Pt1Line3f_USCISOnlineAcctNumber[0]
USCISOnlineAcctNumber_preparer_children,office',unknown',,"i130/USCISOnlineAcctNumber[0]
i485/USCISOnlineAcctNumber[0]"
USCISOnlineActNumber_applicant_children,unknown',unknown',,"i130/Pt2Line2_USCISOnlineActNumber[0]
i130/Pt4Line2_USCISOnlineActNumber[0]"
USCitizen_applicant,unknown',unknown',,i130/Pt2Line36_USCitizen[0]
Unit_applicant,biographical',contact_info',,"i130/Pt2Line10_Unit[0]
i130/Pt2Line10_Unit[1]
i130/Pt2Line10_Unit[2]
i130/Pt4Line11_Unit[0]
i130/Pt4Line11_Unit[1]
i130/Pt4Line11_Unit[2]
i130/Pt4Line12b_Unit[0]
i130/Pt4Line12b_Unit[1]
i130/Pt4Line12b_Unit[2]
i130/Pt4Line13_Unit[0]
i130/Pt4Line13_Unit[1]
i130/Pt4Line13_Unit[2]
i130/Pt4Line26_Unit[0]
i130/Pt4Line26_Unit[1]
i130/Pt4Line26_Unit[2]
i130/Pt4Line56_Unit[0]
i130/Pt4Line56_Unit[1]
i130/Pt4Line56_Unit[2]
i130/Pt4Line57_Unit[0]
i130/Pt4Line57_Unit[1]
i130/Pt4Line57_Unit[2]
i485/Pt12Line3_Unit[0]
i485/Pt12Line3_Unit[1]
i485/Pt12Line3_Unit[2]
i485/Pt1Line12_Unit[0]
i485/Pt1Line12_Unit[1]
i485/Pt1Line12_Unit[2]
i485/Pt1Line13_Unit[0]
i485/Pt1Line13_Unit[1]
i485/Pt1Line13_Unit[2]
i485/Pt3Line12_Unit[0]
i485/Pt3Line12_Unit[1]
i485/Pt3Line12_Unit[2]
i485/Pt3Line20_Unit[0]
i485/Pt3Line20_Unit[1]
i485/Pt3Line20_Unit[2]
i485/Pt3Line5_Unit[0]
i485/Pt3Line5_Unit[1]
i485/Pt3Line5_Unit[2]
i485/Pt3Line9_Unit[0]
i485/Pt3Line9_Unit[1]
i485/Pt3Line9_Unit[2]
i693/Pt1Line2_Unit[0]
i693/Pt1Line2_Unit[1]
i693/Pt1Line2_Unit[2]
i765/Pt2Line5_Unit[0]
i765/Pt2Line5_Unit[1]
i765/Pt2Line5_Unit[2]
i765/Pt2Line7_Unit[0]
i765/Pt2Line7_Unit[1]
i765/Pt2Line7_Unit[2]
i765/Pt6Line3b_Unit[0]
i765/Pt6Line3b_Unit[1]
i765/Pt6Line3b_Unit[2]"
Unit_applicant_address,biographical',contact_info',,"i130/Pt2Line12_Unit[0]
i130/Pt2Line12_Unit[1]
i130/Pt2Line12_Unit[2]
i130/Pt2Line14_Unit[0]
i130/Pt2Line14_Unit[1]
i130/Pt2Line14_Unit[2]
i485/Pt3Line7_Unit[0]
i485/Pt3Line7_Unit[1]
i485/Pt3Line7_Unit[2]"
Unit_applicant_employment,employment',unknown',,"i130/Pt2Line41_Unit[0]
i130/Pt2Line41_Unit[1]
i130/Pt2Line41_Unit[2]
i130/Pt2Line45_Unit[0]
i130/Pt2Line45_Unit[1]
i130/Pt2Line45_Unit[2]
i485/Pt3Line16_Unit[0]
i485/Pt3Line16_Unit[1]
i485/Pt3Line16_Unit[2]"
Unit_preparer,biographical',contact_info',,"i130/Pt7Line3_Unit[0]
i130/Pt7Line3_Unit[1]
i130/Pt7Line3_Unit[2]
i130/Pt8Line3_Unit[0]
i130/Pt8Line3_Unit[1]
i130/Pt8Line3_Unit[2]
i485/Pt11Line3_Unit[0]
i485/Pt11Line3_Unit[1]
i485/Pt11Line3_Unit[2]
i765/Pt5Line3b_Unit[0]
i765/Pt5Line3b_Unit[1]
i765/Pt5Line3b_Unit[2]"
Unit_unknown,biographical',contact_info',,"i693/Pt7Line3_Unit[0]
i693/Pt7Line3_Unit[1]
i693/Pt7Line3_Unit[2]
i693/Pt7Line4_Unit[0]
i693/Pt7Line4_Unit[1]
i693/Pt7Line4_Unit[2]
i693/Pt9Line2_Unit[0]
i693/Pt9Line2_Unit[1]
i693/Pt9Line2_Unit[2]"
Unknown_applicant,unknown',unknown',,i130/Pt4Line10_Unknown[0]
VisaNum_applicant,immigration',unknown',,i485/Pt1Line22_VisaNum[0]
VolagNumber_preparer,office',unknown',,"i130/VolagNumber[0]
i485/VolagNumber[0]"
Weight1_unknown,unknown',unknown',,i485/Pt7Line4_Weight1[0]
Weight2_unknown,unknown',unknown',,i485/Pt7Line4_Weight2[0]
Weight3_unknown,unknown',unknown',,i485/Pt7Line4_Weight3[0]
Widowed_applicant,biographical',marital_status',,i130/Pt2Line17_Widowed[0]
YNNA_applicant,biographical',family_info',,"i485/Pt5Line2_YNNA[0]
i485/Pt5Line2_YNNA[1]
i485/Pt5Line2_YNNA[2]"
YN_applicant,unknown',core_identity',,"i485/Pt1Line14_YN[0]
i485/Pt1Line14_YN[1]
i485/Pt1Line16_YN[0]
i485/Pt1Line16_YN[1]
i485/Pt1Line17_YN[0]
i485/Pt1Line17_YN[1]
i485/Pt3Line1_YN[0]
i485/Pt3Line1_YN[1]
i485/Pt5Line10_YN[0]
i485/Pt5Line10_YN[1]"
YesNo_applicant,unknown',contact_info',,"i485/Pt8Line14_YesNo[0]
i485/Pt8Line14_YesNo[1]
i485/Pt8Line15_YesNo[0]
i485/Pt8Line15_YesNo[1]
i485/Pt8Line16_YesNo[0]
i485/Pt8Line16_YesNo[1]
i485/Pt8Line17_YesNo[0]
i485/Pt8Line17_YesNo[1]
i485/Pt8Line18_YesNo[0]
i485/Pt8Line18_YesNo[1]
i485/Pt8Line19_YesNo[0]
i485/Pt8Line19_YesNo[1]
i485/Pt8Line1_YesNo[0]
i485/Pt8Line1_YesNo[1]
i485/Pt8Line20_YesNo[0]
i485/Pt8Line20_YesNo[1]
i485/Pt8Line21_YesNo[0]
i485/Pt8Line21_YesNo[1]
i485/Pt8Line22_YesNo[0]
i485/Pt8Line22_YesNo[1]
i485/Pt8Line23_YesNo[0]
i485/Pt8Line23_YesNo[1]
i485/Pt8Line24a_YesNo[0]
i485/Pt8Line24a_YesNo[1]
i485/Pt8Line24b_YesNo[0]
i485/Pt8Line24b_YesNo[1]
i485/Pt8Line24c_YesNo[0]
i485/Pt8Line24c_YesNo[1]
i485/Pt8Line25_YesNo[0]
i485/Pt8Line25_YesNo[1]
i485/Pt8Line26_YesNo[0]
i485/Pt8Line26_YesNo[1]
i485/Pt8Line27_YesNo[0]
i485/Pt8Line27_YesNo[1]
i485/Pt8Line28_YesNo[0]
i485/Pt8Line28_YesNo[1]
i485/Pt8Line29_YesNo[0]
i485/Pt8Line29_YesNo[1]
i485/Pt8Line30_YesNo[0]
i485/Pt8Line30_YesNo[1]
i485/Pt8Line31_YesNo[0]
i485/Pt8Line31_YesNo[1]
i485/Pt8Line32_YesNo[0]
i485/Pt8Line32_YesNo[1]
i485/Pt8Line33_YesNo[0]
i485/Pt8Line33_YesNo[1]
i485/Pt8Line34_YesNo[0]
i485/Pt8Line34_YesNo[1]
i485/Pt8Line35_YesNo[0]
i485/Pt8Line35_YesNo[1]
i485/Pt8Line36_YesNo[0]
i485/Pt8Line36_YesNo[1]
i485/Pt8Line37_YesNo[0]
i485/Pt8Line37_YesNo[1]
i485/Pt8Line38_YesNo[0]
i485/Pt8Line38_YesNo[1]
i485/Pt8Line39_YesNo[0]
i485/Pt8Line39_YesNo[1]
i485/Pt8Line40_YesNo[0]
i485/Pt8Line40_YesNo[1]
i485/Pt8Line41_YesNo[0]
i485/Pt8Line41_YesNo[1]
i485/Pt8Line42_YesNo[0]
i485/Pt8Line42_YesNo[1]
i485/Pt8Line43_YesNo[0]
i485/Pt8Line43_YesNo[1]
i485/Pt8Line44_YesNo[0]
i485/Pt8Line44_YesNo[1]
i485/Pt8Line45_YesNo[0]
i485/Pt8Line45_YesNo[1]
i485/Pt8Line46a_YesNo[0]
i485/Pt8Line46a_YesNo[1]
i485/Pt8Line46b_YesNo[0]
i485/Pt8Line46b_YesNo[1]
i485/Pt8Line46c_YesNo[0]
i485/Pt8Line46c_YesNo[1]
i485/Pt8Line46d_YesNo[0]
i485/Pt8Line46d_YesNo[1]
i485/Pt8Line46e_YesNo[0]
i485/Pt8Line46e_YesNo[1]
i485/Pt8Line47_YesNo[0]
i485/Pt8Line47_YesNo[1]
i485/Pt8Line48a_YesNo[0]
i485/Pt8Line48a_YesNo[1]
i485/Pt8Line48b_YesNo[0]
i485/Pt8Line48b_YesNo[1]
i485/Pt8Line48c_YesNo[0]
i485/Pt8Line48c_YesNo[1]
i485/Pt8Line48d_YesNo[0]
i485/Pt8Line48d_YesNo[1]
i485/Pt8Line48e_YesNo[0]
i485/Pt8Line48e_YesNo[1]
i485/Pt8Line49_YesNo[0]
i485/Pt8Line49_YesNo[1]
i485/Pt8Line50_YesNo[0]
i485/Pt8Line50_YesNo[1]
i485/Pt8Line51a_YesNo[0]
i485/Pt8Line51a_YesNo[1]
i485/Pt8Line51b_YesNo[0]
i485/Pt8Line51b_YesNo[1]
i485/Pt8Line51c_YesNo[0]
i485/Pt8Line51c_YesNo[1]
i485/Pt8Line51d_YesNo[0]
i485/Pt8Line51d_YesNo[1]
i485/Pt8Line51e_YesNo[0]
i485/Pt8Line51e_YesNo[1]
i485/Pt8Line51f_YesNo[0]
i485/Pt8Line51f_YesNo[1]
i485/Pt8Line52_YesNo[0]
i485/Pt8Line52_YesNo[1]
i485/Pt8Line53_YesNo[0]
i485/Pt8Line53_YesNo[1]
i485/Pt8Line54_YesNo[0]
i485/Pt8Line54_YesNo[1]
i485/Pt8Line55_YesNo[0]
i485/Pt8Line55_YesNo[1]
i485/Pt8Line56_YesNo[0]
i485/Pt8Line56_YesNo[1]
i485/Pt8Line57_YesNo[0]
i485/Pt8Line57_YesNo[1]
i485/Pt8Line58a_YesNo[0]
i485/Pt8Line58a_YesNo[1]
i485/Pt8Line58b_YesNo[0]
i485/Pt8Line58b_YesNo[1]
i485/Pt8Line58c_YesNo[0]
i485/Pt8Line58c_YesNo[1]
i485/Pt8Line58d_YesNo[0]
i485/Pt8Line58d_YesNo[1]
i485/Pt8Line58e_YesNo[0]
i485/Pt8Line58e_YesNo[1]
i485/Pt8Line59_YesNo[0]
i485/Pt8Line59_YesNo[1]
i485/Pt8Line60_YesNo[0]
i485/Pt8Line60_YesNo[1]
i485/Pt8Line61_YesNo[0]
i485/Pt8Line61_YesNo[1]
i485/Pt8Line68a_YesNo[0]
i485/Pt8Line68a_YesNo[1]
i485/Pt8Line68b_YesNo[0]
i485/Pt8Line68b_YesNo[1]
i485/Pt8Line69a_YesNo[0]
i485/Pt8Line69a_YesNo[1]
i485/Pt8Line69b_YesNo[0]
i485/Pt8Line69b_YesNo[1]
i485/Pt8Line70_YesNo[0]
i485/Pt8Line70_YesNo[1]
i485/Pt8Line71_YesNo[0]
i485/Pt8Line71_YesNo[1]
i485/Pt8Line72_YesNo[0]
i485/Pt8Line72_YesNo[1]
i485/Pt8Line73_YesNo[0]
i485/Pt8Line73_YesNo[1]
i485/Pt8Line74_YesNo[0]
i485/Pt8Line74_YesNo[1]
i485/Pt8Line75_YesNo[0]
i485/Pt8Line75_YesNo[1]
i485/Pt8Line76_YesNo[0]
i485/Pt8Line76_YesNo[1]
i485/Pt8Line77_YesNo[0]
i485/Pt8Line77_YesNo[1]
i485/Pt8Line78a_YesNo[0]
i485/Pt8Line78a_YesNo[1]
i485/Pt8Line78b_YesNo[0]
i485/Pt8Line78b_YesNo[1]
i485/Pt8Line79a_YesNo[0]
i485/Pt8Line79a_YesNo[1]
i485/Pt8Line79b_YesNo[0]
i485/Pt8Line79b_YesNo[1]
i485/Pt8Line80_YesNo[0]
i485/Pt8Line80_YesNo[1]
i485/Pt8Line81_YesNo[0]
i485/Pt8Line81_YesNo[1]
i485/Pt8Line82_YesNo[0]
i485/Pt8Line82_YesNo[1]
i485/Pt8Line83_YesNo[0]
i485/Pt8Line83_YesNo[1]
i485/Pt8Line84_YesNo[0]
i485/Pt8Line84_YesNo[1]
i485/Pt8Line85a_YesNo[0]
i485/Pt8Line85a_YesNo[1]
i485/Pt8Line85b_YesNo[0]
i485/Pt8Line85b_YesNo[1]
i485/Pt8Line85c_YesNo[0]
i485/Pt8Line85c_YesNo[1]
i485/Pt8Line86a_YesNo[0]
i485/Pt8Line86a_YesNo[1]
i485/Pt9Line1_YesNo[0]
i485/Pt9Line1_YesNo[1]
i765/PtLine29_YesNo[0]
i765/PtLine29_YesNo[1]
i765/PtLine30b_YesNo[0]
i765/PtLine30b_YesNo[1]"
YesNo_applicant_children,unknown',family_info',,"i485/Pt6Line11_YesNo[0]
i485/Pt6Line11_YesNo[1]
i485/Pt6Line16_YesNo[0]
i485/Pt6Line16_YesNo[1]
i485/Pt6Line6_YesNo[0]
i485/Pt6Line6_YesNo[1]"
Yes_applicant,immigration',unknown',,"i130/Part4Line1_Yes[0]
i130/Pt1Line3_Yes[0]
i130/Pt1Line4_Yes[0]
i130/Pt2Line11_Yes[0]
i130/Pt2Line36_Yes[0]
i130/Pt2Line41_Yes[0]
i130/Pt4Line10_Yes[0]
i130/Pt4Line20_Yes[0]
i130/Pt4Line28_Yes[0]"
ZipCode_applicant_address,biographical',contact_info',,"i130/Pt2Line10_ZipCode[0]
i130/Pt2Line12_ZipCode[0]
i130/Pt2Line14_ZipCode[0]
i130/Pt4Line11_ZipCode[0]
i130/Pt4Line12e_ZipCode[0]
i130/Pt4Line26_ZipCode[0]
i130/Pt4Line57_ZipCode[0]
i485/Pt12Line3_ZipCode[0]
i485/Pt1Line12_ZipCode[0]
i485/Pt1Line13_ZipCode[0]
i485/Pt3Line12_ZipCode[0]
i485/Pt3Line20_ZipCode[0]
i485/Pt3Line5_ZipCode[0]
i485/Pt3Line7_ZipCode[0]
i485/Pt3Line9_ZipCode[0]
i693/P1Line2_ZipCode[0]
i765/Pt2Line5_ZipCode[0]
i765/Pt2Line7_ZipCode[0]
i765/Pt6Line3e_ZipCode[0]"
ZipCode_applicant_employment,employment',contact_info',,"i130/Pt2Line41_ZipCode[0]
i130/Pt2Line45_ZipCode[0]
i485/Pt3Line16_ZipCode[0]"
ZipCode_preparer_address,biographical',contact_info',,"i130/Pt7Line3_ZipCode[0]
i130/Pt8Line3_ZipCode[0]
i485/Pt11Line3_ZipCode[0]
i765/Pt5Line3e_ZipCode[0]"
ZipCode_unknown_address,biographical',contact_info',,"i693/Pt7Line3_ZipCode[0]
i693/Pt7Line4_ZipCode[0]
i693/Pt9Line2_ZipCode[0]"
checkbox_applicant,biographical',core_identity',,"i130/Pt2Line23a_checkbox[0]
i130/Pt2Line23b_checkbox[0]
i130/Pt2Line23c_checkbox[0]"
other_applicant,immigration',contact_info',,i485/Pt2Line25d_other[0]
place_entry_applicant,unknown',contact_info',,i765/place_entry[0]
section_1_applicant,unknown',unknown',,i765/section_1[0]
section_2_applicant,unknown',unknown',,i765/section_2[0]
section_3_applicant,unknown',unknown',,i765/section_3[0]
